Intersection,All_Motorized_Vehicles_AADT_24_,Truck_Percent,Pedestrians_Not_Factored,Bicycles_Not_Factored,Date,X,Y,Lat,Long,FID
RUSSELL RD @ RUSSELL RD EXT,3986,0.0629,0,1,2023-Jul-19,384131.791,5026926.5079,45.377788,-75.48707,1
PORTOBELLO BLVD @ CAPREOL ST/MARTELLO DR,4060,0.044,160,38,2023-Oct-25,385688.7738,5035639.8806,45.456005,-75.465763,2
HALL RD S @ RUSSELL RD,4077,0.0675,3,2,2023-Jul-19,384028.7914,5026939.5107,45.377917,-75.488382,3
BAY ST @ GLOUCESTER ST,4083,0.0229,2126,150,2023-Nov-01,367074.7015,5030933.5763,45.415567,-75.704329,4
LEITRIM RD @ RUSSELL RD E,4167,0.0641,0,1,2023-Jul-19,383878.7874,5026905.5074,45.377628,-75.490303,5
BLOHM DR @ FORESTGLADE CRES S/PICASSO DR,4213,0.0385,71,2,2023-Mar-14,375067.7433,5026322.5211,45.373322,-75.602873,6
FOREST GATE WAY @ STONEWAY DR W,4219,0.0346,76,69,2023-May-30,365757.4202,5016782.5701,45.288354,-75.722903,7
PAUL METIVIER DR @ TEMAGAMI DR,4279,0.0103,101,47,2023-Aug-02,365553.474,5014522.8301,45.268039,-75.725779,8
CABIN RD @ NIXON DR,4302,0.0362,0,2,2023-Jul-06,373937.7071,5001599.3342,45.150981,-75.620739,9
DES PRAIRIES AVE S @ PRESTWICK DR S,4374,0.0274,53,24,2023-Oct-19,383509.7659,5036166.5615,45.460993,-75.493534,10
ROGER STEVENS DR @ MALAKOFF RD,4412,0.0558,0,0,2023-Jan-17,362227.6181,4996129.2561,45.102809,-75.770277,11
BEATRICE DR @ BERRIGAN DR,4414,0.0297,67,67,2023-Jul-25,365176.6973,5016074.1017,45.282029,-75.730392,12
MAPLE AVE @ ANN ST,4459,0.0176,21,5,2023-Jul-13,368698.7048,5009848.3906,45.2257,-75.686302,13
WATERBRIDGE DR @ CRESTWAY DR,4479,0.0095,118,16,2023-Nov-16,366481.6144,5016133.8275,45.282454,-75.713752,14
MANOTICK MAIN ST/RIDEAU VALLEY DR @ CENTURY RD,4505,0.1188,8,0,2023-Mar-14,370042.7107,5008802.3897,45.216165,-75.669326,15
TRIM RD @ WALL RD,4602,0.0281,2,27,2023-Jul-05,387628.7867,5034669.527,45.447048,-75.441125,16
FERN CASEY ST @ LOCUST RDG/CREVASSE RD,4640,0.031,219,50,2023-Sep-13,382521.0012,5033475.09,45.436888,-75.506601,17
HAIG DR @ SAUNDERSON DR,4663,0.0184,187,6,2023-Mar-01,372590.7236,5029539.5517,45.402511,-75.634052,18
BIRCHLAND CRES/FRANKLIN CATHCART CRES @ WEST RIDGE DR S,4708,0.0299,157,1,2023-Nov-29,349873.0301,5012357.5929,45.249735,-75.92579,19
MANOTICK MAIN ST/RIDEAU VALLEY DR @ CENTURY RD,4725,0.1253,10,0,2023-Mar-14,370042.7107,5008802.3897,45.216165,-75.669326,20
BLUE WILLOW CRES N @ ORLEANS BLVD,4761,0.0258,47,15,2023-Aug-01,380872.0772,5033424.9268,45.436618,-75.527682,21
AKERSON RD @ MICHAEL COWPLAND DR,4788,0.0195,143,103,2023-Jul-05,353916.7759,5016238.0326,45.284381,-75.873894,22
JEANNE D'ARC BLVD @ LAWNSBERRY DR W,4796,0.0372,176,6,2023-Feb-14,381788.7376,5038986.6038,45.486557,-75.515096,23
KLONDIKE RD @ OLD SECOND LINE RD,4829,0.0159,90,104,2023-Jul-12,348189.1041,5023075.774,45.346286,-75.946303,24
STONEWAY DR @ WITTINGHAM DR,4961,0.0297,119,43,2023-May-30,365714.9166,5016771.9391,45.288262,-75.723446,25
DONALD ST @ NORTH RIVER RD,5097,0.0219,580,418,2023-Aug-24,369967.7169,5032232.5817,45.426991,-75.667198,26
PAUL METIVIER DR @ BEATRICE DR,5179,0.0209,69,43,2023-May-30,365704.3211,5014603.8781,45.268755,-75.723847,27
ORLEANS BLVD @ BLUE WILLOW CRES S/DES GRANDS-CHAMPS WAY,5227,0.0263,116,30,2023-Aug-01,380752.1529,5033311.026,45.435606,-75.529232,28
ABBOTT ST @ LANCELEAF WAY/MALAHAT WAY,5273,0.0236,208,47,2023-May-30,352547.5061,5015909.9644,45.281524,-75.891379,29
BAYCREST DR @ SANDALWOOD DR,5277,0.0634,279,10,2023-Nov-01,371353.7315,5026705.5281,45.37713,-75.650233,30
BANK ST @ BELMEADE RD/MARIONVILLE RD,5335,0.0628,0,0,2023-Mar-14,388036.7816,5001137.3196,45.145303,-75.441539,31
GOULBURN AVE @ LAURIER AVE,5389,0.0271,417,150,2023-Jun-22,369253.7095,5032348.5829,45.428101,-75.676306,32
BIRCHLAND CRES/FRANKLIN CATHCART CRES @ WEST RIDGE DR S,5456,0.0201,159,9,2023-Oct-31,349873.0301,5012357.5929,45.249735,-75.92579,33
EARL ARMSTRONG RD @ BOWESVILLE RD,5505,0.0429,4,6,2023-Aug-01,372560.741,5017440.4636,45.293651,-75.636092,34
ALBION RD @ ROSEBELLA AVE,5507,0.0479,18,2,2023-Feb-23,372386.7427,5023064.5066,45.344271,-75.637543,35
FORCED RD @ RUSSELL RD,5507,0.1071,2,2,2023-Jul-05,395805.865,5027765.4704,45.383917,-75.337886,36
PUTMAN AVE @ SPRINGFIELD RD,5529,0.0385,718,122,2023-Oct-18,369186.7001,5033909.5936,45.442152,-75.676958,37
MANOTICK MAIN ST/RIDEAU VALLEY DR @ CENTURY RD,5533,0.0732,8,1,2023-Nov-01,370042.7107,5008802.3897,45.216165,-75.669326,38
COURTICE AVE @ KILBORN AVE,5570,0.0324,39,82,2023-May-02,370919.7214,5027813.5351,45.387141,-75.655626,39
PAUL METIVIER DR @ CLEARBROOK DR,5577,0.0167,55,34,2023-May-30,366088.0559,5014763.554,45.270158,-75.718938,40
KILBORN AVE @ PROSPECT AVE,5653,0.0339,40,84,2023-May-02,370997.7175,5027821.5358,45.387205,-75.654629,41
BOOTH ST @ ORANGEVILLE ST,5655,0.0252,405,163,2023-Jun-29,366891.6961,5029571.5648,45.403328,-75.706839,42
ANDERSON ST @ BOOTH ST,5687,0.0163,251,22,2023-Mar-21,366650.6967,5030124.5682,45.408325,-75.709848,43
MCNEELY RD @ RUSSELL RD,5712,0.111,0,0,2023-Jul-05,394434.8542,5027231.4689,45.37929,-75.355487,44
BOOTH ST @ POPLAR ST,5783,0.0157,263,18,2023-Mar-21,366679.6978,5030058.5618,45.407728,-75.709486,45
MCGUIRE RD @ SNAKE ISLAND RD,5809,0.0911,1,5,2023-Jul-06,375780.728,5004666.3603,45.178395,-75.596867,46
BROADVIEW AVE @ WELLESLEY AVE,5829,0.0191,1492,89,2023-Oct-18,363141.6885,5026727.5402,45.37806,-75.755074,47
COPE DR @ ROUNCEY RD,5847,0.0497,28,5,2023-Jan-17,353518.434,5014958.8075,45.272898,-75.879097,48
BANK ST @ WELLINGTON ST,5852,0.1067,2589,44,2023-Mar-02,367257.707,5031628.5734,45.421804,-75.701903,49
ALBION RD @ GOTH AVE,5946,0.0455,19,1,2023-Feb-23,372332.741,5023198.5095,45.345482,-75.638214,50
COMPASS ST @ RENAUD RD,5951,0.0174,69,31,2023-Jun-28,382358.0101,5033070.7137,45.433268,-75.508748,51
GLEN ST @ VICTORIA ST,5962,0.0547,33,0,2023-Feb-08,385041.8004,5010921.4142,45.233682,-75.478043,52
ALBION RD @ WYLDEWOOD ST,5977,0.0433,22,0,2023-Feb-23,372292.7366,5023293.5087,45.34634,-75.638711,53
VARENNES BLVD @ WATTERS RD,5980,0.0334,55,1,2023-Feb-23,384834.7594,5038434.5705,45.481248,-75.476225,54
EAGLESON RD @ OTTAWA ST,5998,0.0461,0,1,2023-Mar-07,358562.626,5006062.3451,45.192479,-75.815775,55
ANDERSON ST @ BOOTH ST,6007,0.0192,352,33,2023-Mar-21,366650.6967,5030124.5682,45.408325,-75.709848,56
COBOURG ST @ OLD ST. PATRICK ST,6009,0.0627,124,248,2023-Aug-09,368820.7057,5033173.5925,45.435564,-75.681732,57
BOOTH ST @ ECCLES ST,6071,0.0192,551,28,2023-Mar-21,366623.6999,5030186.5642,45.408885,-75.710185,58
MANN AVE @ RUSSELL AVE,6084,0.0412,374,48,2023-Jun-20,369470.7145,5031504.5814,45.420487,-75.673644,59
BOOTH ST @ POPLAR ST,6090,0.0185,369,30,2023-Mar-21,366679.6978,5030058.5618,45.407728,-75.709486,60
HAMLET RD @ OTHELLO AVE,6355,0.0249,300,17,2023-Jan-10,373262.7307,5029288.5475,45.400187,-75.625504,61
BOOTH ST @ ECCLES ST,6406,0.0229,775,41,2023-Mar-21,366623.6999,5030186.5642,45.408885,-75.710185,62
FRANKTOWN RD @ MUNSTER RD,6422,0.0641,1,0,2023-Dec-19,350728.5458,5000781.3253,45.145511,-75.915958,63
RIVER RD @ SOUTH GOWER BOUNDARY RD,6450,0.0732,5,3,2023-Jul-18,374599.709,4996521.284,45.105224,-75.613029,64
RIVERDALE AVE @ SUNNYSIDE AVE,6535,0.0228,419,82,2023-May-02,369074.5849,5028787.111,45.396073,-75.67906,65
CREEK CROSSING ST @ ORLEANS BLVD,6606,0.038,307,14,2023-May-02,380940.754,5033546.5581,45.437705,-75.526785,66
SCALA AVE @ PORTOBELLO BLVD,6654,0.0308,188,12,2023-Nov-23,385640.4882,5036379.8721,45.462669,-75.466258,67
BAY ST @ LAURIER AVE,6683,0.0252,2930,1338,2023-Aug-02,367034.7054,5030997.5725,45.416146,-75.704832,68
ANTOCHI LANE @ MANOTICK MAIN ST,6714,0.0909,17,0,2023-Mar-14,369646.3459,5009135.3918,45.219198,-75.674329,69
BAY ST @ LAURIER AVE,6747,0.0221,2116,1046,2023-Aug-02,367034.7054,5030997.5725,45.416146,-75.704832,70
JEANNE D'ARC BLVD @ TENTH LINE RD,6870,0.0289,66,3,2023-Nov-23,382569.738,5039340.5979,45.489655,-75.50505,71
KILBORN AVE @ FEATHERSTON DR/ROSEGLEN PRIV,7019,0.028,338,187,2023-Sep-13,371263.7258,5027849.5285,45.387432,-75.651228,72
ANTOCHI LANE @ MANOTICK MAIN ST,7058,0.0941,18,0,2023-Mar-14,369646.3459,5009135.3918,45.219198,-75.674329,73
CARLING AVE @ SCHNEIDER RD,7132,0.0301,143,50,2023-Aug-02,351624.6267,5022236.4966,45.338513,-75.902544,74
BOUNDARY RD @ RUSSELL RD W,7298,0.0763,15,0,2023-Mar-09,386546.8135,5026021.5021,45.369368,-75.456389,75
HAWTHORNE RD @ RIDEAU RD,7415,0.1837,0,1,2023-Mar-08,378618.7767,5018940.4784,45.306537,-75.558643,76
ANDERSON RD @ RIDGE RD,7461,0.0544,0,0,2023-Mar-09,379029.7574,5028508.5322,45.392581,-75.551967,77
EARL MULLIGAN DR @ WOODGATE WAY,7565,0.0257,64,0,2023-Jan-10,365041.6971,5017386.4584,45.29385,-75.731953,78
DONALD B. MUNRO DR/OLD CARP RD W @ MARCH RD,7570,0.0868,4,0,2023-Mar-09,343091.5592,5022592.501,45.342235,-76.011389,79
BANK ST @ DALMENY RD/MARVELVILLE RD,7581,0.0783,0,0,2023-Mar-08,385828.7808,5004368.3516,45.174631,-75.469087,80
MARCH VALLEY RD @ TERRY FOX DR,7728,0.0485,86,7,2023-Mar-09,350754.5692,5023784.006,45.352496,-75.913501,81
RENAUD RD @ MER BLEUE RD,7983,0.0298,12,12,2023-Apr-18,383448.7696,5033734.5367,45.439118,-75.494703,82
NAVAN RD @ TRIM RD,8006,0.068,0,0,2023-Mar-02,388559.7992,5032375.5255,45.426298,-75.429616,83
MCCARTHY RD @ SOUTHMORE DR,8008,0.0329,117,130,2023-May-10,369449.7225,5024837.5277,45.360501,-75.674786,84
APPLE ORCHARD RD/PARKWAY RD @ STAGECOACH RD,8061,0.0682,0,0,2023-Mar-07,376230.7481,5012622.4185,45.249936,-75.590001,85
FLEWELLYN RD @ SHEA RD,8145,0.0316,0,2,2023-Apr-26,352993.6002,5012174.4052,45.24788,-75.886055,86
CAMBRIAN RD @ SEELEY'S BAY ST,8183,0.0242,51,9,2023-Jul-25,363975.4011,5012392.257,45.249002,-75.746142,87
MER BLEUE RD W @ NAVAN RD,8203,0.0792,1,5,2023-Mar-09,384006.7766,5032255.5439,45.425749,-75.48781,88
MONTMERE AVE @ TRIM RD,8230,0.0394,64,4,2023-Oct-25,386931.5759,5036384.6101,45.462561,-75.44975,89
WOODROFFE AVE @ CRESTHAVEN DR/PAUL METIVIER,8271,0.0159,181,90,2023-Aug-02,366327.1151,5014853.4038,45.270946,-75.71588,90
MCCARTHY RD @ PROVOST DR,8301,0.0353,30,36,2023-May-10,369330.7158,5025133.5163,45.363175,-75.676266,91
ANDERSON RD @ LEITRIM RD,8578,0.0643,0,0,2023-Mar-07,380473.7741,5024908.5046,45.360036,-75.534078,92
CAMPEAU DR @ DIDSBURY RD,8611,0.0201,50,8,2023-Dec-14,350289.6032,5018754.4605,45.307269,-75.919897,93
LEITRIM RD @ RAMSAYVILLE RD S,8693,0.0526,0,0,2023-Mar-07,378785.7671,5023729.5049,45.349608,-75.555798,94
FINDLAY CREEK DR @ KELLY FARM DR,8696,0.0232,678,0,2023-Feb-09,375339.8966,5020047.7253,45.316836,-75.600293,95
EARL MULLIGAN DR @ WOODPARK WAY,8849,0.022,53,3,2023-Jan-10,365105.704,5017423.462,45.294177,-75.731133,96
SNAKE ISLAND RD @ STAGECOACH RD,8858,0.073,0,0,2023-Mar-29,378062.7575,5006581.3852,45.195392,-75.567554,97
CONCORD ST @ GREENFIELD AVE,8943,0.0383,391,35,2023-May-02,369033.7103,5031064.5589,45.416568,-75.679285,98
STITTSVILLE MAIN ST @ WEST RIDGE DR/PARADE DR,9081,0.0457,71,2,2023-Mar-08,350901.81,5011480.05,45.241772,-75.912766,99
MAPLE GROVE RD @ SILVER SEVEN RD,9155,0.0398,7,2,2023-Mar-07,351285.6043,5017621.4411,45.297009,-75.907302,100
SPRATT RD @ SHORELINE DR S,9212,0.0278,95,3,2023-Jan-17,368340.3813,5015176.7251,45.273676,-75.690184,101
STONEHAVEN DR @ STONEMEADOW DR,9358,0.0307,290,1,2023-Mar-09,355950.3959,5016619.151,45.287666,-75.847933,102
JOSHUA ST @ RENAUD RD,9439,0.0282,82,0,2023-Mar-02,381156.426,5032327.4129,45.426712,-75.524218,103
MILTON RD @ NAVAN RD,9508,0.0703,1,0,2023-Mar-02,387268.7888,5031812.5211,45.421386,-75.446205,104
TWEEDSMUIR AVE @ SCOTT ST,9643,0.1832,588,29,2023-Dec-06,363396.6853,5028776.558,45.396476,-75.751575,105
MACFARLANE RD @ DEAKIN ST,9695,0.0346,30,2,2023-Mar-08,367253.7148,5021558.4912,45.331196,-75.703228,106
FRANK KENNY RD @ ROCKDALE RD,9737,0.0555,1,3,2023-Aug-15,395189.3032,5023341.3033,45.344194,-75.346567,107
ALBION RD @ JOHNSTON RD,9833,0.0354,48,1,2023-Mar-07,371502.7291,5025225.5152,45.3638,-75.648531,108
BANKFIELD RD @ POTTER DR/LOCKMASTER CRES,9920,0.0925,5,3,2023-Oct-31,367735.6971,5009762.3923,45.225013,-75.698575,109
COLDREY AVE @ LAPERRIERE AVE,9984,0.0503,31,15,2023-Dec-05,364311.7044,5026829.5401,45.37888,-75.740124,110
CAVAN ST @ LAPERRIERE AVE,9997,0.0509,95,16,2023-Dec-05,364391.7048,5026880.545,45.379332,-75.739096,111
BEECHWOOD AVE @ MARQUETTE AVE,10033,0.0156,178,57,2023-Nov-25,369680.7084,5034039.5962,45.443276,-75.670627,112
LEES AVE @ TRANSITWAY/HWY 417 NICHOLAS IC118R22,10104,0.0539,591,140,2023-Jun-22,369365.4742,5031279.8297,45.418474,-75.675018,113
JOHNSTON RD @ TAPIOLA CRES E,10136,0.0327,91,6,2023-Dec-05,372254.7284,5025674.5186,45.367768,-75.638871,114
ALBERT ST @ COMMISSIONER ST,10185,0.0542,399,52,2023-Feb-14,366713.6973,5030971.57,45.41594,-75.708937,115
ORLEANS BLVD @ FORTUNE DR/SUGAR CREEK WAY,10221,0.0281,242,41,2023-Oct-25,380211.7415,5037785.5978,45.475923,-75.535452,116
SNAKE ISLAND RD @ STAGECOACH RD,10247,0.0913,0,7,2023-Jul-06,378062.7575,5006581.3852,45.195392,-75.567554,117
CAMBRIAN RD @ REGATTA AVE,10256,0.0417,103,15,2023-Oct-18,364535.36,5012715.37,45.251862,-75.73897,118
JOCKVALE RD @ LAMING ST/WEYBRIDGE DR W,10264,0.0215,222,24,2023-Mar-29,361915.6749,5015397.4364,45.276213,-75.772034,119
HAIG DR @ PLEASANT PARK RD,10296,0.0286,270,11,2023-Mar-08,372402.7362,5028586.5497,45.393955,-75.636583,120
BOUNDARY RD @ MITCH OWENS RD,10410,0.0747,0,0,2023-Mar-07,388065.8321,5022162.4695,45.334469,-75.43765,121
CHURCHILL AVE @ SCOTT ST,10482,0.1635,727,109,2023-Nov-30,363094.6896,5028584.5495,45.394773,-75.755454,122
ROBIN RD @ SWIFT ST,32,0,4,0,2023-Aug-02,344196.9781,5037523.7679,45.476528,-75.996091,123
MAGLADRY RD @ RUISSELLET RD,128,0.2821,3,2,2023-Jul-05,397769.8723,5031842.494,45.420339,-75.312043,124
GORDON MURDOCK RD @ BELMEADE RD,132,0.0417,0,4,2023-Mar-14,378570.7384,4995865.2807,45.098918,-75.562671,125
JEFFREY AVE @ BRAEMAR ST,141,0.0116,7,10,2023-Jul-05,370826.7134,5035188.6071,45.453507,-75.655825,126
CURRIER ST @ DICKINSON ST,156,0,11,0,2023-Jan-31,369083.7116,5009732.3894,45.224621,-75.681415,127
BRENTWOOD AVE @ DOWSER ST/MCKENDRY DR W,200,0.0246,8,5,2023-Jul-20,384612.8054,5010954.4174,45.234028,-75.483501,128
MCGEE SIDE RD @ SPRUCE RIDGE RD,205,0.064,1,7,2023-Jul-06,341180.5226,5016675.4798,45.289092,-76.036208,129
BASKINS BEACH RD W @ WREN ST W,220,0.0746,2,2,2023-Jul-11,343694.6185,5037773.6467,45.478805,-76.002496,130
SUE HOLLOWAY DR @ GLENROY GILBERT DR,221,0.0889,41,11,2023-Apr-26,364637.0189,5014650.877,45.269269,-75.737442,131
LOGGERS WAY @ MORRIS ISLAND DR,236,0.0486,1,3,2023-Jul-11,322193.5768,5035332.711,45.457707,-76.277601,132
FOREST HEIGHTS AVE @ STITT ST,246,0.0267,27,15,2023-Jun-08,349658.5738,5013378.4114,45.258934,-75.92843,133
HALL RD @ LEITRIM RD/RUSSELL RD EXT,259,0.0759,7,7,2023-Jul-19,384013.7959,5026982.5148,45.378306,-75.488567,134
SPARTINA ST @ BRADWELL WAY,274,0.2096,20,7,2023-Aug-10,374945.351,5019969.109,45.316168,-75.605336,135
LEN PURCELL DR @ BALDWIN ST,274,0.0539,17,13,2023-Jul-06,337172.5984,5040424.6726,45.502992,-76.085743,136
CROWN POINT RD @ OPEONGO RD,278,0.0471,10,8,2023-Jul-06,333202.6,5041604.7065,45.513783,-76.136475,137
SAUNDERS AVE @ LOCKHART AVE,306,0.0107,41,9,2023-Jul-06,361610.685,5026907.5376,45.379806,-75.7746,138
OWLS CABIN AVE @ FEATHER MOSS WAY,315,0.0677,6,6,2023-Aug-10,369170.5169,5016675.0297,45.287082,-75.67941,139
BASKINS BEACH RD @ SEPHORA RDG/WREN ST,318,0.0412,10,6,2023-Jul-11,343980.8359,5037494.846,45.47628,-75.998858,140
ARUNDEL AVE @ KILBARRY CRES E,345,0,66,26,2023-Jul-05,370758.706,5035321.6099,45.454711,-75.656677,141
PORTAL ST @ MOUNTBATTEN AVE,375,0.0568,28,6,2023-Apr-25,370285.7226,5028335.5555,45.391897,-75.663652,142
OLD ALMONTE RD @ SPRUCE RIDGE RD,389,0.0462,0,11,2023-Jul-06,342266.521,5015448.4613,45.277994,-76.022457,143
BASKINS BEACH RD @ SWIFT ST,403,0.2276,3,6,2023-Jul-06,344080.4921,5037397.594,45.4754,-75.997591,144
BLACK'S SIDE RD @ RIDINGVIEW CRES,405,0.085,1,4,2023-Jul-06,350058.7493,5010867.519,45.236315,-75.92356,145
BARLOW CRES/NEELY ST @ THOMAS A. DOLAN PKWY,410,0.024,17,2,2023-Jul-06,346670.6285,5035382.6158,45.457118,-75.964635,146
FARM LANE @ ARMITAGE AVE,413,0.0317,14,15,2023-Jul-06,342042.076,5038165.6045,45.482422,-76.023604,147
CROWN POINT RD @ DUNROBIN RD,423,0.093,8,3,2023-Jul-11,332811.6049,5041257.713,45.510677,-76.141499,148
ASHTON STATION RD @ PURDY RD,435,0.0453,0,2,2023-Jul-06,347922.5006,4994571.3457,45.089807,-75.952174,149
CABIN RD @ MCGUIRE RD,470,0.0314,1,0,2023-Jul-06,376405.7279,5003129.342,45.164502,-75.589136,150
BEVERLEY AVE @ SIMS AVE,485,0.0338,101,20,2023-Apr-27,365435.7028,5029080.5574,45.399037,-75.725496,151
9TH LINE RD @ MARIONVILLE RD,490,0.0558,0,0,2023-Mar-14,391065.8035,5002968.3264,45.161414,-75.402712,152
BREN-MAUR RD @ EISENHOWER CRES/KELOWNA ST,616,0.0266,35,29,2023-Jul-25,365914.7074,5014374.4376,45.266672,-75.721195,153
KIPPEWA DR @ DOW'S LAKE RD/JACKSON AVE,641,0.023,300,81,2023-Jun-21,367279.1159,5029069.3189,45.398774,-75.701954,154
IONA ST @ HARMER AVE,644,0.0254,270,155,2023-Oct-18,364966.7034,5028654.5563,45.395245,-75.731538,155
SUNBURST ST @ FERNSIDE ST,690,0.0665,31,1,2023-Nov-15,376013.909,5021332.7211,45.32833,-75.591513,156
GABERT RD @ SOUTH GOWER BOUNDARY,718,0.0685,0,7,2023-Jul-06,375449.723,4995140.2607,45.092713,-75.602424,157
BAYVIEW DR @ MACROSTIE LANE,738,0.0156,46,7,2023-Jul-06,337147.408,5040761.8151,45.506027,-76.086043,158
LAWN AVE @ RICHARDSON AVE,739,0.0288,72,44,2023-Jul-18,361367.6813,5025796.5303,45.369829,-75.77783,159
AMBIANCE DR @ ROSETTA AVE,741,0.0199,101,21,2023-Aug-02,367007.1395,5016734.9955,45.287816,-75.706979,160
FOSTER ST @ BEVERLEY AVE,761,0.0301,175,46,2023-Apr-27,365413.7045,5029132.5624,45.399507,-75.725771,161
PADEN RD @ MALAKOFF RD,772,0.0488,0,4,2023-Jul-06,366667.6635,4991102.2108,45.0572,-75.714483,162
MELGUND AVE @ MONK ST,792,0.0331,177,106,2023-Jul-05,368397.7154,5029229.5618,45.400115,-75.687647,163
SPARTINA ST @ BRADWELL WAY,798,0.2018,69,3,2023-Dec-05,374945.351,5019969.109,45.316168,-75.605336,164
GALLAGHER RD @ MALAKOFF RD,889,0.0406,1,7,2023-Jul-06,363427.6248,4994754.2434,45.090338,-75.755191,165
CENTURY RD @ THIRD LINE RD,892,0.0515,0,15,2023-Jul-06,363915.6613,5005081.3404,45.183223,-75.74777,166
RIDGEMONT AVE @ GRASMERE CRES,892,0.0265,147,43,2023-Sep-13,370414.7181,5026663.534,45.376841,-75.662227,167
DREW HENRY DR @ PHILIP ST,939,0.0314,43,5,2023-Nov-01,375752.7167,5001292.3346,45.148039,-75.597703,168
MACKEY RD @ MCCORDICK RD,961,0.0648,1,2,2023-Jul-11,366797.6487,4995942.2481,45.100741,-75.712235,169
8TH LINE RD @ MARIONVILLE RD,1067,0.0427,0,0,2023-Mar-14,389212.7774,5001817.3153,45.151282,-75.426472,170
HURDMAN RD @ ROBINSON AVE,1088,0.0693,125,17,2023-Jul-18,369890.7106,5031192.5613,45.41764,-75.668319,171
BEAUMONT RD @ PLAYFAIR DR,1114,0.0276,60,1,2023-Dec-05,371757.7259,5028222.5546,45.390741,-75.64487,172
INVERNESS AVE @ NORMANDY CRES,1157,0.0283,177,84,2023-Jun-01,366617.7117,5024717.5262,45.359677,-75.710946,173
MADAWASKA DR @ DOW'S LAKE RD,1210,0.023,204,314,2023-Jun-21,367330.7128,5028966.5564,45.397845,-75.701308,174
INVERNESS AVE @ NORMANDY CRES,1210,0.0366,292,46,2023-Oct-26,366617.7117,5024717.5262,45.359677,-75.710946,175
FRENCH HILL RD @ SARSFIELD RD,1227,0.0921,0,3,2023-Oct-18,393601.8069,5038169.5249,45.477803,-75.364149,176
SEYTON DR @ CYMBELINE DR/LOVELL LANE,1239,0.0542,153,25,2023-May-17,356964.6461,5019966.4675,45.317711,-75.834652,177
DUFFY ST @ NIXON DR,1239,0.0741,4,0,2023-Nov-01,374491.7055,5000257.3247,45.138851,-75.613881,178
GORDON MURDOCK RD @ CABIN RD,1255,0.0222,0,0,2023-Jul-06,375666.7198,5002663.347,45.160383,-75.598602,179
ACTON ST/AVALON PL @ STATION BLVD,1258,0.0378,460,174,2023-Apr-25,371323.7241,5029885.5651,45.405746,-75.650188,180
CHURCH ST @ MCCORDICK RD,1259,0.1042,3,15,2023-Jul-11,365402.6435,4997511.2596,45.11498,-75.729769,181
GILCHRIST ST @ SPENCER ST,1275,0.0244,399,94,2023-Apr-20,364349.6961,5029160.5551,45.39985,-75.739357,182
LONG ISLAND RD @ LENA AVE/CINDY HILL CRES W,1331,0.0222,25,12,2023-Jul-25,367924.699,5011392.4097,45.239663,-75.695962,183
OAKHILL RD @ ACACIA AVE,1363,0.0613,17,62,2023-Aug-23,369523.7099,5034237.5953,45.445073,-75.672608,184
BISHOP DAVIS DR @ ALLBIRCH RD,1410,0.0163,7,16,2023-Jul-11,337016.3671,5039174.0619,45.491746,-76.087824,185
SPENCER ST @ WESTERN AVE,1422,0.03,279,95,2023-Apr-20,364269.6874,5029125.5617,45.399542,-75.740383,186
ROSS AVE @ SPENCER ST,1486,0.0364,494,153,2023-Apr-20,364429.6966,5029195.5585,45.400159,-75.738331,187
CALAVERAS AVE @ PALMADEO DR,1565,0.0335,310,88,2023-May-30,365048.304,5015908.4757,45.28055,-75.732048,188
DIAMONDVIEW RD @ THOMAS A. DOLAN PKWY,1609,0.0723,6,17,2023-Aug-02,335556.5135,5025182.5511,45.365912,-76.107375,189
ARUNDEL AVE @ ST. LAURENT BLVD,1620,0.0859,23,39,2023-Jul-05,370914.7065,5035336.6114,45.454831,-75.65468,190
CINDY HILL CRES E @ LONG ISLAND RD E,1691,0.0262,33,4,2023-Nov-01,368190.6991,5011290.4099,45.238721,-75.692587,191
OTTAWA ST @ COCKBURN ST,1692,0.0494,21,1,2023-Nov-02,357880.622,5005436.3447,45.186897,-75.824521,192
NEPEAN ST @ PERCY ST,1755,0.0411,627,61,2023-Nov-01,366975.7052,5030798.5632,45.414361,-75.705611,193
FELICITY CRES @ CHEVRON PL/JOSHUA ST,1761,0.0651,119,1,2023-Mar-01,381479.9079,5032237.9641,45.425872,-75.520099,194
TOMPKINS AVE @ CARAVEL CRES W/MCEACHERN CRES W,1765,0.0743,95,3,2023-Nov-22,382580.7495,5037765.5759,45.475483,-75.505159,195
JOSHUA ST @ SADDLERIDGE DR,1897,0.0681,139,2,2023-Mar-01,381718.6529,5032213.1389,45.425623,-75.517052,196
BAY ST @ NEPEAN ST,1967,0.0192,533,93,2023-Nov-01,367115.7039,5030862.5694,45.414924,-75.703815,197
DEFENCE ST @ HALIBURTON HGTS,2005,0.0309,557,35,2023-Sep-19,353172.2706,5014576.7122,45.269484,-75.883545,198
HOULAHAN ST @ TARTAN DR,2025,0.0429,59,38,2023-Jul-25,362331.6706,5013755.4178,45.261404,-75.766922,199
FRINGEWOOD DR @ LAZY NOL CRT,2055,0.0239,16,24,2023-Jul-11,350962.6001,5015542.4404,45.278322,-75.911614,200
HUNTMAR DR @ WELDALE DR,2080,0.0221,1,9,2023-Jul-11,344459.5676,5023207.5104,45.347693,-75.993884,201
BELMEADE RD @ STAGECOACH RD,2088,0.0863,4,0,2023-Mar-14,379283.7396,4996311.2837,45.102857,-75.553547,202
KLONDIKE RD @ MARCH VALLEY RD,2100,0.0087,3,1,2023-Dec-20,350278.6165,5024992.5227,45.363401,-75.919464,203
TOMPKINS AVE @ CARAVEL CRES E/MCEACHERN CRES E,2134,0.0584,207,25,2023-Oct-18,382659.7519,5037783.5776,45.475637,-75.504146,204
CENTRAL PARK DR @ STATEN WAY,2135,0.0491,130,59,2023-May-09,364511.6271,5025568.8283,45.367519,-75.737723,205
AZURE ST/TRIGORIA CRES @ GERRY LALONDE DR,2192,0.0284,142,16,2023-May-02,383668.4129,5035070.514,45.451114,-75.491682,206
PAGE RD @ SILVERBIRCH ST,2202,0.0275,104,13,2023-May-02,381064.7529,5034132.5619,45.442964,-75.52511,207
GOLDENEYE WAY @ NORTH BLUFF DR,2214,0.0118,81,8,2023-Aug-10,369487.5575,5016302.4837,45.283701,-75.675418,208
CLOVERLOFT CRT @ FRINGEWOOD DR,2290,0.02,35,22,2023-Jul-11,350888.6044,5015721.4476,45.279938,-75.91254,209
FIFTH AVE @ MORRIS ST,2315,0.0198,198,262,2023-Jul-05,368068.7147,5029203.5593,45.399911,-75.691852,210
SPENCER ST @ CAROLINE AVE,2316,0.0205,666,119,2023-Apr-20,364662.7033,5029298.5584,45.401066,-75.735343,211
EAGLEHEAD CRES/GERANIUM WALK @ KIMPTON DR,2320,0.0106,140,33,2023-May-18,348989.0044,5015038.5939,45.273916,-75.936813,212
FRONTENAC ST @ LAFONTAINE AVE,2420,0.0158,25,8,2023-Feb-07,370933.7106,5033107.5862,45.434773,-75.654737,213
PERCY ST @ GLOUCESTER ST,2426,0.0216,1136,78,2023-Nov-01,366941.6974,5030856.5688,45.414885,-75.706038,214
DANZIG TERR/GRONINGEN ST @ ROUNCEY RD,2431,0.0554,288,9,2023-Feb-08,353305.1189,5015423.868,45.277098,-75.88177,215
DELMAR DR @ THISTLE CRES E,2442,0.0268,45,31,2023-Oct-17,371995.7311,5028416.5533,45.392464,-75.641804,216
COSTELLO AVE @ MONTEREY DR,2483,0.0353,89,3,2023-Dec-05,360008.6718,5022095.493,45.336635,-75.795591,217
LANDRY ST @ LOYER ST,2514,0.0273,147,14,2023-Dec-05,369488.7123,5033485.5927,45.43831,-75.673154,218
MOSS HILL TR @ TRAILWAY CIRC S,2527,0.0349,140,0,2023-Jan-17,350851.5942,5014062.4275,45.265012,-75.913166,219
SEYTON DR @ WESTCLIFFE RD,2533,0.0863,113,2,2023-Mar-01,356736.6461,5019813.4627,45.316351,-75.837576,220
CONLEY RD @ FALLOWFIELD RD,2541,0.0477,0,3,2023-Jul-06,349415.5536,5006994.3751,45.201503,-75.932098,221
DELMAR DR @ THISTLE CRES W,2567,0.0275,51,37,2023-Oct-17,371840.737,5028551.5563,45.393694,-75.643765,222
FIFTH AVE @ MONK ST,2598,0.024,327,320,2023-Jul-05,368342.7074,5029366.555,45.401353,-75.688332,223
HEMPHILL ST/KIRKHAM CRES N @ SHEA RD,2628,0.0293,7,2,2023-Oct-31,357085.6242,5007466.3607,45.205223,-75.834424,224
CENTURY RD @ FIRST LINE RD,2659,0.0411,7,1,2023-Mar-14,367763.6836,5007452.3693,45.204224,-75.698511,225
LAFONTAINE AVE @ LEVIS AVE,2671,0.0211,220,9,2023-Feb-07,370921.7093,5033237.5887,45.435944,-75.654873,226
CENTURY RD @ FIRST LINE RD,2673,0.0446,7,1,2023-Mar-14,367763.6836,5007452.3693,45.204224,-75.698511,227
CEDARCROFT CRES W @ MEADOWBROOK RD W,2719,0.0271,55,17,2023-Jul-05,374335.7298,5031929.5724,45.423844,-75.611427,228
CASEY AVE @ EASTVALE DR,2759,0.0297,146,17,2023-Nov-08,375482.7163,5035904.5962,45.459494,-75.596201,229
BRADWELL WAY @ KELLY FARM DR,2951,0.0655,500,3,2023-Apr-04,375002.1679,5020197.8329,45.318221,-75.604579,230
GARDENWAY DR @ OAKLAWN CRES S,2958,0.0468,219,24,2023-Sep-19,384084.7645,5036606.564,45.464887,-75.486112,231
SHEENBORO CRES N @ VARENNES BLVD,2965,0.0492,139,2,2023-Feb-23,384995.7583,5038227.5705,45.479367,-75.4742,232
GARDENWAY DR @ ARC-EN-CIEL ST/LATOUR CRES S,2972,0.049,160,0,2023-Jan-26,384057.7595,5036770.5698,45.466365,-75.486431,233
DUNDONALD DR @ GRAND CANAL ST,3211,0.0276,184,10,2023-Nov-08,364576.7041,5011826.0041,45.243856,-75.73855,234
BISSETT WAY @ CLEARBROOK DR,3237,0.038,135,47,2023-Jun-21,365257.534,5015113.9699,45.273383,-75.729478,235
BOYD AVE @ DOHENY ST/KERR AVE,3416,0.024,78,4,2023-Dec-07,363431.6912,5026634.5412,45.377199,-75.751382,236
SANDHILL RD @ SHIRLEY'S BROOK DR,3435,0.0262,71,70,2023-Jul-11,349974.3112,5023799.2575,45.352684,-75.923457,237
BUCKLAND RD @ ROCKDALE RD,3444,0.0534,52,0,2023-Mar-08,394674.872,5024639.4586,45.355939,-75.352894,238
FIELD ST @ IRIS ST,3473,0.0392,207,18,2023-Feb-16,362606.6861,5024636.5283,45.35929,-75.762149,239
KILBORN AVE @ VIRGINIA DR,3549,0.0487,82,2,2023-Jan-26,371765.7268,5027906.534,45.387897,-75.644811,240
SUMMERHILL ST @ VISION ST/WILHELMINA PL,3638,0.0182,31,0,2023-Dec-05,367606.0959,5014271.6781,45.265599,-75.699656,241
NORICE ST @ SULLIVAN AVE,3666,0.0197,77,72,2023-Jun-21,363562.691,5022601.5019,45.340899,-75.750189,242
FOOTHILLS DR @ NORTHSIDE RD,3769,0.0278,5,1,2023-Nov-30,358601.6619,5021354.486,45.330077,-75.813623,243
BEATRICE DR @ QUEENSBURY DR,3895,0.0328,101,71,2023-Jul-25,365136.693,5016164.4404,45.282846,-75.730891,244
DES EPINETTES AVE @ PRESTWICK DR,10497,0.0324,215,1,2023-Mar-07,383334.7613,5036664.5696,45.465493,-75.495692,245
ALBION RD @ DES MESANGES DR,10555,0.019,57,3,2023-Jan-31,371989.7264,5024019.5088,45.352902,-75.642479,246
ABBOTT ST @ SHEA RD,10647,0.0335,178,3,2023-Mar-08,351158.2914,5014146.6156,45.26575,-75.90925,247
CEDAR CREEK DR/DEVONWOOD CIRC @ FINDLAY CREEK,10671,0.0424,200,0,2023-Jan-31,375592.3282,5020307.3404,45.319147,-75.597037,248
ROCKDALE RD @ RUSSLAND RD/HIGHWAY LANE,10710,0.0612,0,1,2023-Nov-23,395330.8773,5022984.4388,45.340965,-75.344826,249
RUSSELL RD @ TUPPER AVE,10781,0.0956,157,21,2023-Oct-19,374256.7356,5028748.5453,45.395231,-75.612884,250
MARKETPLACE AVE @ RIOCAN AVE,10863,0.0297,761,2,2023-Mar-08,364286.8769,5014761.595,45.270295,-75.74189,251
MICHAEL COWPLAND DR @ TERENCE MATTHEWS CRES E,11012,0.0167,160,9,2023-Mar-08,354231.6151,5016511.4439,45.28682,-75.869853,252
PRESTON ST @ ST. ANTHONY ST,11166,0.0486,438,180,2023-Aug-09,366555.7008,5029561.5638,45.403268,-75.711132,253
RODEO DR @ LONGFIELDS DR,11176,0.0131,474,55,2023-May-17,364394.0886,5015424.559,45.276252,-75.740445,254
CHAPEL ST @ RIDEAU ST,11200,0.0694,2385,272,2023-Sep-22,368892.4083,5032643.2713,45.430786,-75.680885,255
PERTH ST @ MEYNELL RD,11217,0.0654,37,8,2023-Oct-12,355919.0378,5005503.6551,45.187648,-75.849475,256
BARNSDALE RD @ RIDEAU VALLEY DR,11351,0.0236,5,0,2023-Mar-07,367139.6983,5011811.4002,45.243503,-75.705907,257
342 E OF CHESTNUT ST @ LEES AVE,11365,0.0495,161,108,2023-Aug-30,369670,5030959,45.415559,-75.67117,258
CHAPEL ST @ RIDEAU ST,11471,0.0686,2316,259,2023-Sep-25,368892.4083,5032643.2713,45.430786,-75.680885,259
ATHLONE AVE @ SCOTT ST,11485,0.1991,751,54,2023-Dec-05,363327.6881,5028733.5439,45.396094,-75.752461,260
LESTER RD @ MEANDERING BROOK DR,11738,0.0362,6,5,2023-Oct-17,373269.331,5022675.8611,45.340688,-75.626336,261
CLYDE AVE @ LAPERRIERE AVE,11767,0.0412,120,15,2023-Mar-02,363698.6893,5026445.523,45.375476,-75.747996,262
KANATA AVE @ GOLDRIDGE DR/EVANSHEN PL,12020,0.0339,143,4,2023-Mar-08,350286.5926,5019728.8245,45.316037,-75.919846,263
BANK ST @ WELLINGTON ST,12111,0.0484,14299,916,2023-Sep-20,367257.707,5031628.5734,45.421804,-75.701903,264
MURPHY CRT @ MARCH RD,12124,0.0488,0,1,2023-Jul-06,347775.6063,5025686.5297,45.369804,-75.951353,265
BRADLEY AVE @ MONTREAL RD,12137,0.0325,450,161,2023-Aug-01,370656.7073,5033392.5937,45.437364,-75.658239,266
CHAPEL ST @ RIDEAU ST,12152,0.0446,2033,241,2023-Sep-23,368892.4083,5032643.2713,45.430786,-75.680885,267
LISGAR ST @ O'CONNOR ST,12166,0.0166,2612,134,2023-Dec-06,367762.7103,5031159.5781,45.417538,-75.695511,268
AKERSON RD/CARRONBRIDGE CIRC @ COPE DR,12196,0.0226,137,58,2023-Jun-22,354386.0729,5015808.3521,45.280482,-75.867955,269
GLOUCESTER ST @ O'CONNOR ST,12221,0.0221,3671,91,2023-Dec-06,367678.7094,5031292.5809,45.418743,-75.696567,270
BRIAN COBURN BLVD @ ESPRIT DR,12304,0.0285,105,87,2023-Jul-05,385141.5803,5035343.552,45.453402,-75.472806,271
CLYDE AVE @ WOODWARD DR,12316,0.0565,29,17,2023-Dec-05,363731.6826,5026363.5251,45.374736,-75.747585,272
MEADOWLANDS DR @ PERRY ST,12357,0.0207,118,35,2023-Apr-25,364439.2071,5023493.5079,45.348852,-75.738898,273
HIGHBURY PARK DR @ LONGFIELDS DR,12393,0.0125,361,4,2023-Dec-14,364163.6305,5015915.9064,45.280692,-75.743323,274
BANK ST @ WELLINGTON ST,12483,0.0496,10739,663,2023-Sep-20,367257.707,5031628.5734,45.421804,-75.701903,275
KIRKWOOD AVE @ IONA ST,12548,0.0435,296,185,2023-May-11,363993.6904,5028136.5462,45.390667,-75.744027,276
BANKFIELD RD @ FIRST LINE RD,12568,0.0891,1,14,2023-Jul-05,366735.6956,5009189.387,45.219945,-75.711379,277
ATRIUM RDG @ RIVER RD,12610,0.027,7,0,2023-Feb-08,367591.4296,5013687.9729,45.260348,-75.699916,278
PORTOBELLO BLVD @ VALIN ST,12617,0.0266,229,11,2023-Mar-09,385350.766,5037697.5693,45.474557,-75.469746,279
NIXON DR/ROGER STEVENS DR @ RIVER RD,12663,0.0528,1,11,2023-Oct-19,373169.7061,5002763.3466,45.16153,-75.630346,280
BLAIR RD @ CLAVER ST,12679,0.0247,208,56,2023-Aug-15,374416.7283,5033434.5777,45.437377,-75.610179,281
ADELINE ST @ PRESTON ST,12734,0.0522,1347,30,2023-Feb-08,366779.7004,5029050.5545,45.39865,-75.708335,282
BRIAN COBURN BLVD @ ESPRIT DR,12735,0.0198,153,104,2023-Jul-26,385141.5803,5035343.552,45.453402,-75.472806,283
BOYCE AVE @ CARLING AVE,12743,0.0299,232,1,2023-Jan-26,359349.6723,5024210.5072,45.355718,-75.803766,284
CHAPEL ST @ RIDEAU ST,12833,0.0338,1860,276,2023-Sep-24,368892.4083,5032643.2713,45.430786,-75.680885,285
CONROY RD @ QUEENSDALE AVE,12899,0.0524,2,2,2023-Mar-07,374351.7398,5024043.5111,45.352887,-75.612334,286
BRADLEY AVE @ MONTREAL RD,12908,0.0323,714,243,2023-Aug-01,370656.7073,5033392.5937,45.437364,-75.658239,287
COLONEL BY DR @ ECHO DR S,12935,0.0076,81,80,2023-Jun-22,368542.7126,5028771.5476,45.395981,-75.685854,288
BEECHWOOD AVE @ JOLLIET AVE,12942,0.0325,175,20,2023-Feb-08,369696.7102,5034119.5939,45.443995,-75.670412,289
METCALFE ST @ WELLINGTON ST,12963,0.0465,2932,613,2023-Sep-27,367565.6992,5031817.5816,45.423477,-75.697944,290
CROWNRIDGE DR @ HOPE SIDE RD,13020,0.0283,12,31,2023-Aug-01,356074.7927,5014981.0662,45.272917,-75.846516,291
DALY AVE @ NICHOLAS ST,13035,0.0407,2958,165,2023-Jun-22,368227.701,5032046.5737,45.425477,-75.689456,292
LANARK AVE/WEST VILLAGE PRIV @ SCOTT ST,13108,0.1233,508,116,2023-Nov-30,363624.6936,5028913.5513,45.397689,-75.748646,293
CONROY RD @ DAVIDSON RD S,13307,0.0513,1,2,2023-Mar-07,374593.746,5023467.5079,45.347681,-75.609327,294
DEFENCE ST @ FERNBANK RD,13470,0.0218,1,2,2023-Mar-07,353397.7405,5014315.507,45.267118,-75.880698,295
ABBOTT ST @ IBER RD,13528,0.0294,61,77,2023-Jul-05,351978.0754,5014876.3961,45.272262,-75.898735,296
MARIER AVE @ MONTREAL RD,13529,0.0349,640,242,2023-Jul-26,370419.7083,5033261.591,45.436207,-75.661285,297
AQUAVIEW DR/LAKERIDGE DR @ BRIAN COBURN BLVD,13540,0.0142,226,89,2023-Jul-26,384776.3381,5035179.1019,45.451965,-75.477502,298
CONROY RD @ DAVIDSON RD N,13571,0.0514,0,2,2023-Mar-07,374573.7515,5023515.5101,45.348115,-75.609575,299
CLYDE AVE @ DOHENY ST,13673,0.0429,259,12,2023-Dec-05,363590.694,5026701.5377,45.377789,-75.749344,300
BANK ST @ QUEEN ST,13719,0.0928,9368,28,2023-Mar-02,367343.704,5031489.58,45.420545,-75.700822,301
ALTA VISTA DR @ CUNNINGHAM AVE,13730,0.0206,201,86,2023-Nov-08,370344.7229,5028017.5448,45.38903,-75.662941,302
RENAUD RD @ NAVAN RD,13761,0.0575,34,8,2023-Oct-25,381816.7611,5032736.549,45.430321,-75.515717,303
FALLOWFIELD RD @ COBBLE HILL DR/O'KEEFE CRT,13768,0.0507,9,6,2023-Jun-07,360826.6658,5015320.4189,45.275608,-75.785921,304
RENAUD RD @ NAVAN RD,14025,0.0756,73,5,2023-Mar-01,381816.7611,5032736.549,45.430321,-75.515717,305
BANK ST @ SHUTTLEWORTH DR/FINDLAY CREEK SC,14035,0.0479,64,0,2023-Feb-23,375967.53,5020175.26,45.31792,-75.592271,306
LAFONTAINE AVE @ MCARTHUR AVE,14047,0.0318,941,25,2023-Jan-10,370949.7123,5032771.5737,45.431748,-75.654578,307
OLD INNES RD @ BANTREE ST,14065,0.1824,32,10,2023-Mar-02,373727.7297,5030352.5602,45.409715,-75.619416,308
BELFAST RD @ TRAINYARDS,14200,0.0653,114,36,2023-Nov-16,371882.7209,5030913.5744,45.414942,-75.642908,309
O'CONNOR ST @ WELLINGTON ST,14208,0.0438,3767,649,2023-Sep-27,367413.6992,5031722.5825,45.422636,-75.699898,310
LONGFIELDS DR @ PAUL METIVIER DR,14214,0.0119,135,159,2023-Aug-02,364841.33,5014200.44,45.265199,-75.734893,311
MARIER AVE @ MONTREAL RD,14276,0.034,1006,351,2023-Jul-26,370419.7083,5033261.591,45.436207,-75.661285,312
EAGLESON RD @ EMERALD MEADOWS DR,14488,0.0298,45,4,2023-Dec-14,354998.6263,5015092.4169,45.273996,-75.86022,313
FERNBANK RD @ ROUNCEY RD,14536,0.0232,1,1,2023-Mar-07,353738.6371,5014617.1452,45.269809,-75.876324,314
BANK ST @ PARKWAY RD,14564,0.067,5,1,2023-Dec-06,378746.7658,5014207.4415,45.263938,-75.557716,315
EAGLESON RD @ FLEWELLYN RD,14590,0.0312,1,1,2023-Mar-07,355333.6235,5014247.4253,45.266369,-75.856036,316
MOODIE DR @ CORKSTOWN RD,14677,0.0326,12,13,2023-Dec-21,356345.651,5022761.4973,45.342907,-75.842255,317
CHAPEL ST @ RIDEAU ST,14722,0.0695,1525,45,2023-Dec-19,368892.4083,5032643.2713,45.430786,-75.680885,318
AQUAVIEW DR/LAKERIDGE DR @ BRIAN COBURN BLVD,14748,0.0362,185,2,2023-Mar-02,384776.3381,5035179.1019,45.451965,-75.477502,319
COOPER ST @ KENT ST,14808,0.02,1585,22,2023-Mar-02,367482.7046,5030889.562,45.415134,-75.699123,320
STONEHAVEN DR @ SAWYER WAY/SUMMITVIEW DR,14916,0.0188,193,3,2023-Mar-01,356561.6663,5015861.0511,45.280799,-75.84022,321
KIRKWOOD AVE @ LAPERRIERE AVE,14927,0.0414,204,119,2023-May-10,364519.694,5026958.5425,45.380023,-75.737452,322
STONEHAVEN DR @ SAWYER WAY/SUMMITVIEW DR,15073,0.0165,168,11,2023-Mar-08,356561.6663,5015861.0511,45.280799,-75.84022,323
CLEARVIEW AVE @ ISLAND PARK DR,15501,0.0092,197,37,2023-Mar-21,363546.6893,5029364.5648,45.401754,-75.749589,324
DUMAURIER AVE @ RICHMOND RD,15507,0.0395,136,10,2023-Mar-08,359627.6654,5023735.5114,45.351422,-75.80027,325
HADLEY CIRC @ MOODIE DR,15619,0.0347,213,15,2023-Nov-01,357136.6483,5020300.4797,45.320704,-75.832423,326
BANK ST @ SHUTTLEWORTH DR/FINDLAY CREEK SC,15664,0.013,60,1,2023-Feb-25,375967.53,5020175.26,45.31792,-75.592271,327
BRAE CRES N @ STITTSVILLE MAIN ST,15813,0.0324,81,8,2023-Sep-19,350441.9909,5013102.9448,45.256405,-75.918473,328
BANK ST @ RIVERDALE AVE,15882,0.0299,257,287,2023-Jun-14,369077.5351,5028116.986,45.390043,-75.679109,329
BAYVIEW RD/BAYVIEW STATION RD @ SCOTT ST/ALBERT ST,16032,0.0492,521,30,2023-Mar-08,365519.037,5030071.5641,45.407947,-75.72431,330
FRIEL ST @ RIDEAU ST,16168,0.0695,2427,34,2023-Dec-19,368771.7024,5032570.5843,45.430143,-75.682437,331
ELGIN ST SB @ WELLINGTON ST W,16193,0.0506,5783,1038,2023-Sep-20,367664.7038,5031877.5774,45.424008,-75.696671,332
BANK ST @ ECHO DR,16205,0.0327,1168,714,2023-Aug-23,368661.7111,5028759.5464,45.395862,-75.684336,333
BRAE CRES N @ STITTSVILLE MAIN ST,16262,0.034,64,20,2023-Sep-13,350441.9909,5013102.9448,45.256405,-75.918473,334
RIVER RD @ SUMMERHILL ST,16293,0.0317,6,36,2023-Jun-29,367496.87,5014254.99,45.265458,-75.70105,335
PERTH ST @ SHEA RD,16306,0.0305,23,1,2023-Jan-10,357526.6124,5006972.343,45.200745,-75.828863,336
PARKDALE AVE @ SHERWOOD DR,16379,0.0246,457,10,2023-Mar-02,365380.703,5028745.545,45.396028,-75.72624,337
CUMBERLAND ST @ RIDEAU ST,16429,0.0775,4873,334,2023-Aug-19,368374.511,5032329.974,45.428014,-75.687543,338
FLORA ST @ KENT ST,16568,0.0186,667,8,2023-Mar-02,367828.7134,5030323.5674,45.41001,-75.694774,339
RIVER RD @ SUMMERHILL ST,16597,0.0296,4,7,2023-Oct-31,367496.87,5014254.99,45.265458,-75.70105,340
BARRAN ST @ FALLOWFIELD RD,16638,0.0393,3,0,2023-Mar-07,362292.6808,5016244.4381,45.283804,-75.767131,341
KENT ST @ QUEEN ST,16663,0.0777,5467,22,2023-Mar-02,367179.6944,5031386.58,45.419633,-75.702931,342
MEADOWLANDS DR @ 68 W OF THATCHER ST/BROOKLANE PS,16731,0.0321,238,4,2023-Dec-19,363498.4427,5022971.4258,45.344233,-75.750965,343
CARP RD @ HWY 417 CARP IC144R51,16742,0.0674,0,4,2023-Aug-01,347517.5659,5015685.4542,45.279827,-75.95551,344
BANK ST @ SLATER ST,16752,0.0766,6825,49,2023-Mar-02,367424.7024,5031354.5769,45.419323,-75.699804,345
FINDLAY CREEK DR @ BANK ST,16815,0.043,81,0,2023-Feb-23,375847.4734,5020459.9651,45.320494,-75.593761,346
ELGIN ST SB @ WELLINGTON ST W,16869,0.0488,2976,857,2023-Sep-20,367664.7038,5031877.5774,45.424008,-75.696671,347
ALBERT ST @ LYON ST,17083,0.0739,4810,126,2023-Sep-19,367062.7002,5031219.5839,45.418141,-75.704447,348
O'CONNOR ST @ SOMERSET ST,17099,0.0192,2829,83,2023-Dec-06,367855.7101,5031012.5739,45.416207,-75.694341,349
BANK ST @ DUN SKIPPER DR,17154,0.0813,11,6,2023-Sep-14,376333.15,5019313.32,45.310128,-75.587732,350
BRIDGESTONE DR @ EAGLESON RD,17242,0.0275,20,0,2023-Mar-07,354872.691,5015403.907,45.276808,-75.861793,351
LAURIER AVE @ O'CONNOR ST,17312,0.0212,6972,223,2023-Dec-06,367636.7007,5031358.5773,45.41934,-75.697095,352
72 S OF NORMANDY CRES N @ FISHER AVE,17479,0.0238,48,3,2023-Dec-21,366712.4259,5024715.2024,45.359647,-75.709738,353
GLADSTONE AVE @ O'CONNOR ST,17495,0.0305,1419,69,2023-Dec-06,368074.7112,5030658.5697,45.413002,-75.691589,354
DAVIDSON RD @ HAWTHORNE RD,17544,0.1106,0,0,2023-Mar-07,376282.7537,5024509.5161,45.356886,-75.587624,355
O'CONNOR ST @ WELLINGTON ST,17564,0.0278,2678,41,2023-Dec-06,367413.6992,5031722.5825,45.422636,-75.699898,356
LYON ST @ SLATER ST,17705,0.0624,3776,162,2023-Sep-19,367102.7046,5031152.5874,45.417535,-75.703944,357
SAVILLE ROW @ WOODROFFE AVE,17741,0.0322,295,7,2023-Dec-06,361779.6766,5026185.5279,45.373295,-75.772525,358
ROSEHILL AVE @ HUNTMAR DR,17748,0.0248,272,19,2023-Apr-25,350500.3529,5016458.471,45.286595,-75.917421,359
BLAIS RD @ BANK ST,17779,0.063,16,1,2023-Jul-06,376154.7563,5019727.4744,45.313872,-75.589947,360
KENT ST @ WELLINGTON ST,17878,0.0603,7688,1030,2023-Sep-20,367097.6978,5031526.5735,45.4209,-75.703961,361
RIDEAU ST @ WALLER ST,18062,0.1925,2974,44,2023-Dec-19,368282.7479,5032274.5841,45.427524,-75.688723,362
THORNDALE DR @ WALKLEY RD,18190,0.025,65,25,2023-May-10,369465.7242,5025431.5251,45.365844,-75.674504,363
STRANDHERD DR @ LIEBE TERR,18196,0.0357,8,0,2023-Jan-10,362647.7598,5013682.8728,45.260726,-75.762903,364
DALY AVE @ WALLER ST,18294,0.1552,1090,75,2023-Jul-05,368341.18,5032120.449,45.426132,-75.687996,365
WALKLEY RD @ WEXFORD WAY,18306,0.0259,52,45,2023-May-25,369343.7151,5025362.5284,45.365234,-75.67607,366
KENT ST @ WELLINGTON ST,18343,0.0604,6018,775,2023-Sep-20,367097.6978,5031526.5735,45.4209,-75.703961,367
BANK ST @ SNAKE ISLAND RD/VICTORIA ST,18453,0.0698,2,1,2023-Dec-05,383696.7883,5010121.407,45.226636,-75.495297,368
JOCKVALE RD @ EXETER DR/TARTAN DR,18497,0.0179,218,72,2023-Sep-21,363323.6795,5014773.4161,45.270483,-75.754163,369
JOCKVALE RD @ FABLE ST/WEYBRIDGE DR E,18513,0.0207,314,68,2023-Sep-21,362512.68,5015143.4318,45.273879,-75.764455,370
AVONCOURT WAY @ WALKLEY RD,18708,0.0262,93,38,2023-May-10,369605.7147,5025515.5332,45.366587,-75.672706,371
PATRICIA AVE @ RICHMOND RD,18724,0.033,1018,32,2023-Dec-19,363953.6861,5028753.5558,45.396222,-75.744464,372
MILL HILL RD @ ROBERTSON RD,18862,0.0231,53,10,2023-Nov-30,356241.6562,5019959.4668,45.317701,-75.843873,373
BELFAST RD @ TREMBLAY RD,18906,0.0348,201,209,2023-Oct-18,371558.7187,5031320.5636,45.418635,-75.646992,374
ELGIN ST NB @ WELLINGTON ST E/RIDEAU ST,19324,0.0603,2320,56,2023-Mar-02,367802.7064,5031964.5858,45.424778,-75.694897,375
BRIDGE ST/MAPLE AVE @ MANOTICK MAIN ST,19472,0.0733,40,1,2023-Mar-14,368699.7029,5009932.3887,45.226455,-75.686279,376
FINDLAY CREEK DR @ BANK ST,19525,0.0182,74,2,2023-Feb-25,375847.4734,5020459.9651,45.320494,-75.593761,377
EAGLESON RD @ FERNBANK RD,19659,0.0168,63,0,2023-Nov-22,354798.6293,5015587.4247,45.278465,-75.862719,378
SOUTHMORE DR @ WALKLEY RD,19661,0.0253,84,32,2023-May-10,369710.7241,5025574.5289,45.367108,-75.671358,379
MAIN ST @ RIVERDALE AVE,19704,0.0266,135,298,2023-Jun-14,369431.7411,5029532.494,45.402746,-75.674401,380
GRANT CARMAN DR @ MEADOWLANDS DR,19748,0.0159,491,16,2023-Nov-29,365051.6941,5023901.5074,45.35247,-75.731033,381
BYRON AVE @ CHURCHILL AVE,19809,0.03,785,27,2023-Dec-05,363274.6927,5028180.5505,45.391123,-75.753203,382
FISHER AVE @ TUNIS AVE,20104,0.0278,276,285,2023-Sep-27,365496.6991,5027596.5341,45.385679,-75.7249,383
BRIDGE ST/MAPLE AVE @ MANOTICK MAIN ST,20395,0.0722,56,2,2023-Mar-14,368699.7029,5009932.3887,45.226455,-75.686279,384
JOCKVALE RD @ LONGFIELDS DR,20518,0.024,31,0,2023-Mar-08,364829.29,5014001.03,45.263406,-75.73507,385
COLONEL BY DR/SUSSEX DR @ RIDEAU ST,20608,0.0548,5990,60,2023-Mar-02,367921.6967,5032044.5835,45.425487,-75.693366,386
ALBERT ST @ ELGIN ST/MACKENZIE KING BRIDGE,20816,0.0719,3841,16,2023-Mar-02,367850.7116,5031711.5814,45.422497,-75.694316,387
BANKFIELD RD @ MANOTICK MAIN ST/RIDEAU VALLEY DR,20962,0.0783,4,19,2023-Sep-28,368431.6985,5010157.4005,45.228504,-75.689663,388
LYON ST @ WELLINGTON ST,21213,0.0791,1195,21,2023-Mar-02,366935.271,5031426.166,45.420011,-75.706049,389
ROBERTSON RD @ WESTCLIFFE RD,21461,0.0255,89,6,2023-Nov-23,356395.6441,5020053.4659,45.318536,-75.8419,390
MCCARTHY RD @ WALKLEY RD,21689,0.0265,62,27,2023-May-10,369249.7173,5025300.5224,45.364685,-75.677278,391
PRINCE OF WALES DR @ NORMANDY CRES/MELFA CRES,21692,0.023,59,12,2023-Mar-08,367427.1301,5025222.8929,45.364152,-75.700552,392
CASTLEFRANK RD @ KATIMAVIK RD,21845,0.0346,556,8,2023-Dec-20,351950.4529,5018943.5159,45.308861,-75.8987,393
JOCKVALE RD @ LONGFIELDS DR,22115,0.0233,43,112,2023-Jun-21,364829.29,5014001.03,45.263406,-75.73507,394
BANK ST @ RIDEAU RD,22211,0.1071,0,4,2023-Dec-06,376954.7525,5017844.4726,45.296848,-75.58002,395
PARKDALE AVE @ SCOTT ST,22256,0.0576,1129,105,2023-Mar-08,364949.7036,5029726.5598,45.404892,-75.731625,396
ELGIN ST @ QUEEN ST,22352,0.0622,3465,47,2023-Mar-09,367804.7025,5031779.578,45.423113,-75.694895,397
CARLING AVE @ EDGEWORTH AVE,22845,0.0266,387,83,2023-Jul-20,361262.6802,5025424.5244,45.36649,-75.779213,398
ELGIN ST @ SLATER ST,23051,0.0545,4173,30,2023-Mar-02,367890.7077,5031646.5751,45.421909,-75.693813,399
KIRKWOOD AVE @ MERIVALE RD,23240,0.031,339,27,2023-Apr-12,364853.7014,5026646.5424,45.377187,-75.733226,400
BESSERER ST @ WALLER ST,23721,0.1419,1707,21,2023-Dec-19,368315.9333,5032191.9778,45.426778,-75.68831,401
CUMBERLAND ST @ RIDEAU ST,23846,0.1601,5345,68,2023-Dec-19,368374.511,5032329.974,45.428014,-75.687543,402
BRIAN GOOD AVE @ EARL ARMSTRONG RD,23908,0.0268,41,4,2023-Mar-08,368110.04,5014834.15,45.270614,-75.693163,403
REGIONAL RD 174 @ TRIM RD,24618,0.0597,19,2,2023-Feb-07,384351.8533,5039990.3407,45.4953,-75.482149,404
CONROY RD @ ST. LAURENT BLVD,24623,0.0362,114,15,2023-Dec-06,373069.9675,5027159.3019,45.381048,-75.62826,405
ALBION RD @ LESTER RD,24970,0.0305,40,34,2023-Jun-29,372694.7432,5022332.4959,45.337655,-75.633714,406
BAY ST @ WELLINGTON ST,24979,0.0653,465,30,2023-Mar-02,366814.698,5031351.5666,45.419351,-75.707598,407
FALLOWFIELD RD @ VIA PARK PL/275 W OF WOODROFFE AVE,24982,0.0327,265,173,2023-Jul-11,364847.2373,5017766.0209,45.297281,-75.734386,408
FALLOWFIELD RD @ WOLFGANG DR,24987,0.0325,18,1,2023-Jan-17,363406.6905,5016943.4556,45.290002,-75.752849,409
DALY AVE @ WALLER ST,25055,0.1373,857,16,2023-Dec-19,368341.18,5032120.449,45.426132,-75.687996,410
PRESTON ST @ SOMERSET ST,25180,0.0646,1361,42,2023-Dec-19,366307.6986,5030127.5685,45.408382,-75.714229,411
FALLOWFIELD RD @ HOLITMAN DR,25668,0.0329,17,1,2023-Jan-17,363742.6858,5017134.4441,45.291692,-75.748543,412
INNES RD @ STAR TOP RD/WINDMILL LANE,26036,0.0406,26,35,2023-May-27,374147.7258,5030666.5605,45.412499,-75.614007,413
EAGLESON RD @ COPE DR/CADENCE GT,26170,0.02,254,42,2023-Jun-20,354620.6223,5016027.4272,45.282437,-75.864943,414
INNES RD @ LAMARCHE AVE,26652,0.0243,42,70,2023-Aug-15,381083.9396,5034655.3163,45.447665,-75.524783,415
LYON ST @ WELLINGTON ST,26694,0.0571,1298,405,2023-Oct-12,366935.271,5031426.166,45.420011,-75.706049,416
ISLAND PARK DR @ RICHMOND RD,26871,0.0198,1046,42,2023-Dec-20,364130.6867,5028867.5568,45.397233,-75.74219,417
MACKENZIE AVE @ RIDEAU ST,26951,0.0455,2286,48,2023-Mar-02,367869.6992,5032009.5802,45.425177,-75.694035,418
INNES RD @ LANTHIER DR/PRESTWICK DR,28152,0.0242,141,0,2023-Feb-23,383540.7631,5035988.5643,45.459388,-75.493167,419
WOODROFFE AVE @ GEORGINA DR/LENESTER AVE,28273,0.026,402,12,2023-Dec-06,361909.6866,5025370.5192,45.365951,-75.77096,420
CARP RD @ WESTBROOK RD,28277,0.0455,12,1,2023-Dec-20,347737.5651,5015442.4407,45.277627,-75.952727,421
MOODIE DR @ WEST HUNT CLUB RD,28352,0.0501,2,38,2023-Sep-21,357907.6517,5018498.4557,45.304431,-75.822782,422
COBOURG ST @ ST. PATRICK ST,28583,0.0266,258,247,2023-Jul-13,368802.4619,5033234.2611,45.436111,-75.681957,423
BOOTH ST @ SIR JOHN A. MACDONALD PKWY/WELLINGTON ST,28911,0.0244,478,29,2023-Mar-02,366264.257,5031006.6879,45.416296,-75.714674,424
BILLY BISHOP PRIV @ HUNT CLUB RD,28918,0.0491,43,47,2023-Jun-29,368977.1871,5022500.129,45.339513,-75.68112,425
BRIAN COBURN BLVD @ TENTH LINE RD,29166,0.0251,210,28,2023-May-24,384428.34,5035022.31,45.450594,-75.481976,426
ALBION RD @ BANK ST,29280,0.0262,194,53,2023-Jun-29,371946.7279,5024129.4994,45.353896,-75.643013,427
COLONEL BY DR @ HOG'S BACK RD,29296,0.0113,32,6,2023-Dec-06,367602.7094,5025873.5378,45.369991,-75.698228,428
INNES RD @ LANTHIER DR/PRESTWICK DR,29448,0.0161,128,2,2023-Mar-04,383540.7631,5035988.5643,45.459388,-75.493167,429
BANK ST @ SOUTHKEYS SC,29535,0.0282,100,4,2023-Dec-06,371083.7295,5024521.5156,45.357505,-75.653973,430
BAY ST @ WELLINGTON ST,29609,0.0557,1237,1204,2023-Sep-20,366814.698,5031351.5666,45.419351,-75.707598,431
BASELINE RD @ ROCKWAY CRES,30194,0.0284,151,1,2023-Feb-08,361184.6759,5022932.5038,45.344073,-75.780492,432
BAY ST @ WELLINGTON ST,30393,0.0558,955,969,2023-Sep-20,366814.698,5031351.5666,45.419351,-75.707598,433
ERINDALE DR @ BASELINE RD,30822,0.0263,59,36,2023-Nov-08,363857.6921,5024575.5225,45.358637,-75.74619,434
KING EDWARD AVE @ RIDEAU ST,31050,0.0412,4631,225,2023-Aug-19,368511.7072,5032413.5892,45.428754,-75.68578,435
ROBERTSON RD @ VANIER RD,31141,0.0195,90,5,2023-Dec-21,357395.6538,5020645.483,45.323789,-75.829083,436
HARDING RD @ WALKLEY RD,31650,0.0465,244,19,2023-Apr-25,373148.7307,5027608.5353,45.385082,-75.627192,437
ST. LAURENT BLVD @ MCARTHUR AVE,31659,0.0383,244,20,2023-Jan-10,371921.719,5032887.5749,45.4327,-75.642141,438
BRONSON AVE @ FIFTH AVE/MADAWASKA DR,32344,0.0249,408,336,2023-Jun-21,367613.7127,5028938.5537,45.397568,-75.697697,439
INNES RD @ 240 E OF TENTH LINE RD/HOME DEPOT E,32440,0.0171,1744,107,2023-Apr-28,384168.11,5036256.42,45.461727,-75.485103,440
CRESTWAY DR @ STRANDHERD DR,32883,0.0167,332,191,2023-Aug-02,366346.9028,5015471.1335,45.276502,-75.715551,441
CARP RD @ HAZELDEAN RD,33584,0.0377,143,0,2023-Dec-20,348804.5759,5014360.4362,45.267825,-75.939223,442
KING EDWARD AVE @ SUSSEX DR,34352,0.0101,354,35,2023-Dec-19,367663.7,5033503.597,45.438638,-75.696477,443
ALBION RD @ HUNT CLUB RD,35088,0.0465,224,41,2023-Sep-14,371867.7337,5024320.5178,45.355622,-75.643995,444
BANK ST @ RIVERSIDE DR N,35529,0.0264,530,36,2023-Mar-08,369225.7159,5027983.546,45.388828,-75.677235,445
INDUSTRIAL AVE @ ALTA VISTA DR/SANDFORD FLEMING AVE,35925,0.043,343,436,2023-Sep-28,370884.7238,5030557.57,45.411834,-75.655705,446
CARLING AVE @ KIRKWOOD AVE N,35928,0.0337,360,21,2023-Nov-08,364275.6922,5027493.5342,45.384857,-75.740503,447
VANIER PKWY/CRICHTON ST @ BEECHWOOD AVE/ST. PATRICK ST,36670,0.0247,735,712,2023-Jul-05,369127.797,5033487.134,45.438357,-75.677767,448
WEST HUNT CLUB RD @ ANTARES DR/LASER ST,37253,0.0419,49,6,2023-Nov-29,367107.7113,5022081.5017,45.335915,-75.705025,449
BASELINE RD/HWY 416 RICHMOND IC75AR53 @ RICHMOND RD,37290,0.0225,17,4,2023-Dec-21,358635.6649,5021821.4866,45.334276,-75.813138,450
BANK ST @ RIVERSIDE DR S,38363,0.0277,889,38,2023-Mar-08,369304.7171,5027894.5529,45.38802,-75.676237,451
CONROY RD @ WALKLEY RD,39718,0.042,169,32,2023-Apr-25,372903.7226,5027463.5313,45.383802,-75.630341,452
PRINCE OF WALES DR @ MEADOWLANDS DR/HOG'S BACK RD,39907,0.0215,460,26,2023-Dec-06,367371.9189,5025693.477,45.368391,-75.701197,453
MERIVALE RD/LOTTA AVE @ CLYDE AVE/MERIVALE RD,40169,0.0225,388,43,2023-Oct-17,364521.6983,5024507.5259,45.357969,-75.737723,454
HERZBERG RD @ MARCH RD,40311,0.0188,14,1,2023-Dec-20,352323.6222,5021528.4883,45.332096,-75.893694,455
MARCH RD @ TERON RD,40480,0.0242,80,8,2023-Dec-06,351414.6162,5021779.4825,45.334415,-75.905266,456
MARCH RD @ SOLANDT RD,40592,0.0279,99,80,2023-Sep-28,350489.6085,5022710.5024,45.342854,-75.916981,457
INNES RD @ STAR TOP RD/WINDMILL LANE,41834,0.0816,162,28,2023-May-11,374147.7258,5030666.5605,45.412499,-75.614007,458
INNES RD @ STAR TOP RD/WINDMILL LANE,41871,0.0958,241,77,2023-Sep-28,374147.7258,5030666.5605,45.412499,-75.614007,459
CARLING AVE @ FAIRLAWN AVE/WOODROFFE AVE E,42964,0.0278,581,13,2023-Dec-20,361934.679,5025830.5336,45.370089,-75.770588,460
INDUSTRIAL AVE/INNES RD @ ST. LAURENT BLVD,43310,0.0201,83,48,2023-May-13,373099.7274,5030005.5667,45.406655,-75.627486,461
LAURIER AVE @ NICHOLAS ST,43910,0.0794,1298,676,2023-Jul-05,368373.637,5031798.2699,45.42323,-75.687623,462
SIR JOHN A. MACDONALD PKWY/WELLINGTON ST @ PORTAGE BRIDGE,44257,0.0491,233,22,2023-Mar-02,366516.2078,5031314.6331,45.419045,-75.711417,463
QUEEN MARY ST @ VANIER PKWY,44684,0.0237,221,161,2023-Oct-04,370363.7105,5031957.5851,45.42448,-75.662175,464
AIRPORT PKWY @ HUNT CLUB RD,44928,0.0471,117,53,2023-May-10,371018.528,5023702.9982,45.350146,-75.654915,465
DONALD ST @ VANIER PKWY,44937,0.0253,388,272,2023-Oct-04,370311.7131,5032270.5854,45.427301,-75.662797,466
BANK ST @ HUNT CLUB RD,46158,0.0454,433,56,2023-Jul-25,371608.7365,5024096.5062,45.353631,-75.647331,467
MCARTHUR AVE @ VANIER PKWY,46400,0.0268,1334,329,2023-Oct-04,370218.705,5032690.5859,45.431089,-75.66393,468
BRONSON AVE @ SUNNYSIDE AVE/UNIVERSITY RD/CARLETON U,46509,0.0235,1075,94,2023-Nov-01,367922.7101,5028091.5471,45.389919,-75.693859,469
AVIATION PKWY @ OGILVIE RD,46687,0.0177,281,354,2023-Sep-28,373110.7142,5032376.5856,45.427987,-75.627017,470
INNES RD @ STONEHENGE CRES E,47471,0.0328,117,58,2023-Oct-18,375363.7425,5031313.553,45.418199,-75.59838,471
INNES RD @ STONEHENGE CRES W,48375,0.0344,123,87,2023-Oct-18,375199.7412,5031216.5636,45.417342,-75.600489,472
CARLING AVE @ PRESTON ST,49064,0.0362,772,54,2023-Dec-19,366829.71,5028935.5534,45.397611,-75.707711,473
RUSSELL RD @ WALKLEY RD,49764,0.099,105,51,2023-Sep-28,374674.7439,5028499.5413,45.392949,-75.607581,474
MEADOWLANDS DR @ MERIVALE RD,50277,0.0246,898,188,2023-Sep-26,364858.6999,5023725.5104,45.350903,-75.733517,475
CARLING AVE @ CLYDE AVE/COLE AVE,51119,0.0277,396,16,2023-Dec-05,363520.6906,5026850.5421,45.379135,-75.75022,476
INDUSTRIAL AVE/INNES RD @ ST. LAURENT BLVD,55628,0.0489,172,104,2023-May-11,373099.7274,5030005.5667,45.406655,-75.627486,477
FALLOWFIELD RD @ WOODROFFE AVE,55865,0.02,58,235,2023-Sep-26,365085.15,5017903.19,45.298495,-75.731336,478
COVENTRY RD @ VANIER PKWY,60638,0.0222,150,26,2023-Sep-28,370676.3849,5031611.703,45.421338,-75.658226,479
INDUSTRIAL AVE @ RIVERSIDE DR,61415,0.0359,664,406,2023-Sep-28,370684.7186,5030592.5534,45.412168,-75.658255,480
BASELINE RD @ WOODROFFE AVE,62404,0.0279,640,33,2023-Nov-29,362549.6902,5023770.5047,45.351502,-75.762977,481
WEST HUNT CLUB RD @ WOODROFFE AVE,66805,0.0396,82,157,2023-Sep-28,363670.691,5021246.489,45.328698,-75.748972,482
PRINCE OF WALES DR @ WEST HUNT CLUB RD,80553,0.0356,74,201,2023-Sep-26,367458.7103,5021891.5033,45.334174,-75.700571,483
