Intersection,All_Motorized_Vehicles_AADT_24_,Truck_Percent,Pedestrians_Not_Factored,Bicycles_Not_Factored,Date,X,Y,Lat,Long,ObjectId
ELGIN ST NB @ WELLINGTON ST/RIDEAU ST,16536,0,4426,475,2022/08/31 00:00:00+00,367802.7064,5031964.586,45.424778,-75.694897,1
BRONSON AVE @ SOMERSET ST,20935,0,2236,305,2022/08/31 00:00:00+00,366967.6961,5030476.572,45.411464,-75.705754,2
SOMERSET ST @ PERCY ST,8198,0,1653,316,2022/08/31 00:00:00+00,367115.7039,5030568.571,45.412279,-75.703852,3
BRONSON AVE @ CHRISTIE ST,15077,0.0427,338,92,2022/08/31 00:00:00+00,367050.6989,5030280.563,45.409693,-75.704719,4
BRUYERE ST @ DALHOUSIE ST,7159,0.0252,996,111,2022/09/01 00:00:00+00,367827.7071,5032851.592,45.432757,-75.694464,5
SUSSEX DR @ 262 N OF KING EDWARD AVE,18938,0.0124,324,555,2022/09/01 00:00:00+00,367768.71,5033733.93,45.440701,-75.695105,6
BOOTH ST @ ECCLES ST,4499,0.0208,519,113,2022/08/31 00:00:00+00,366623.6999,5030186.564,45.408885,-75.710185,7
BOTELER ST @ SUSSEX DR,20576,0.021,204,436,2022/09/01 00:00:00+00,367451.3115,5032951.971,45.433694,-75.699261,8
105 S OF COMMISSIONER ST @ ALBERT ST,7819,0.0769,95,154,2022/09/01 00:00:00+00,366666.27,5030879.41,45.415115,-75.709554,9
SUSSEX DR @ 151 S OF KING EDWARD AVE,16923,0.0198,485,840,2022/09/01 00:00:00+00,367602.0148,5033361.389,45.437364,-75.697283,10
SOMERSET ST @ EMPRESS AVE,9364,0,1012,245,2022/08/31 00:00:00+00,366739.7043,5030348.57,45.410333,-75.708683,11
ARTHUR ST @ SOMERSET ST,9643,0,2178,323,2022/08/31 00:00:00+00,366829.7017,5030391.564,45.410711,-75.707528,12
HWY 417 PALLADI IC142R36 @ PALLADIUM DR,16490,0.0285,6,6,2022/08/31 00:00:00+00,348774.0571,5017374.317,45.294947,-75.939345,13
DALHOUSIE ST @ RIDEAU ST,14589,0,8397,311,2022/09/01 00:00:00+00,368206.7091,5032227.581,45.427108,-75.689701,14
RIDEAU ST @ WILLIAM ST,4275,0,7595,214,2022/09/01 00:00:00+00,368095.3927,5032155.659,45.426471,-75.691133,15
130 W OF PRESTON ST @ CARLING AVE,22868,0.038,322,491,2022/09/01 00:00:00+00,366724.8285,5028870.656,45.397036,-75.709058,16
BOOTH ST @ SOMERSET ST,13260,0,1696,270,2022/08/31 00:00:00+00,366592.7028,5030254.571,45.4095,-75.710572,17
JOHNSTON RD @ 65 W OF ALLANFORD AVE,5399,0.0291,3,26,2022/08/31 00:00:00+00,373020.3094,5025866.616,45.369422,-75.629073,18
BRAMBLING WAY @ GRAND CANAL ST,1914,0.0377,146,38,2022/08/31 00:00:00+00,364309.7122,5012291.164,45.248064,-75.741895,19
BANK ST @ HERON RD,45885,0.0368,842,104,2022/08/31 00:00:00+00,369995.72,5026851.542,45.378572,-75.667552,20
CLOVER ST @ HERON RD,24774,0.0376,315,57,2022/08/31 00:00:00+00,369292.7157,5026764.544,45.377854,-75.676538,21
CLEMENTINE BLVD @ HERON RD,25763,0.0402,253,66,2022/08/31 00:00:00+00,369547.7208,5026786.536,45.378028,-75.67328,22
BRONSON AVE/BRONSON/HERON RAMP 35 @ HERON RD,28074,0.0528,70,54,2022/08/31 00:00:00+00,368641.5883,5026697.643,45.377312,-75.68486,23
GLADSTONE AVE @ ARTHUR ST/ARTHUR LANE,11278,0,1027,305,2022/09/01 00:00:00+00,366993.703,5029995.576,45.407134,-75.705483,24
COPE DR @ TERRY FOX,26479,0.0408,155,87,2022/09/07 00:00:00+00,353997.2701,5015345.308,45.276343,-75.872956,25
ABERDEEN ST @ ROCHESTER ST,8056,0.0212,237,116,2022/08/24 00:00:00+00,366824.7032,5029414.56,45.401921,-75.707714,26
BOOTH ST @ NORMAN ST,3838,0.0363,136,97,2022/08/24 00:00:00+00,366999.7161,5029319.561,45.401051,-75.705491,27
BRUYERE ST @ SUSSEX DR,15787,0,1645,594,2022/09/01 00:00:00+00,367538.6551,5032668.426,45.431135,-75.698181,28
GLADSTONE AVE @ LYON ST,10413,0.0329,734,329,2022/08/24 00:00:00+00,367583.7135,5030361.571,45.410374,-75.697899,29
LYON ST @ SOMERSET ST,12365,0,1812,424,2022/08/24 00:00:00+00,367366.7003,5030716.565,45.413588,-75.700626,30
ALBERT ST @ BAY ST,5832,0,1524,338,2022/08/24 00:00:00+00,366942.6954,5031143.587,45.417468,-75.705989,31
BAY ST @ SLATER ST,6685,0,1269,293,2022/08/24 00:00:00+00,366983.6978,5031078.57,45.416879,-75.705474,32
GEORGE ST @ PRESTON ST,12634,0.054,876,176,2022/08/24 00:00:00+00,366618.7014,5029416.56,45.401957,-75.710345,33
BEECH ST @ PRESTON ST,14310,0,1481,261,2022/08/24 00:00:00+00,366684.6963,5029269.556,45.400629,-75.709521,34
PAMILLA ST @ PRESTON ST,12159,0,1016,163,2022/08/24 00:00:00+00,366748.7032,5029120.561,45.399282,-75.708722,35
ELGIN ST @ MCLEOD ST,11220,0,1535,275,2022/09/07 00:00:00+00,368424.7121,5030779.571,45.414059,-75.687102,36
KLONDIKE RD @ MARCH RD,23969,0.0327,231,68,2022/09/15 00:00:00+00,349262.971,5024061.621,45.35509,-75.932512,37
DERREEN AVE/PALLADIUM DR EXT @ PALLADIUM DR/ROBERT GRANT AVE,13176,0.0362,30,3,2022/09/22 00:00:00+00,349325.566,5016742.915,45.28923,-75.932371,38
NAVAN RD @ PAGE RD,10323,0.0665,79,20,2022/09/22 00:00:00+00,381659.76,5032770.55,45.430644,-75.517718,39
RENAUD RD @ PAGE RD,9859,0.0388,38,17,2022/09/22 00:00:00+00,381704.7611,5032668.549,45.429722,-75.517158,40
RENAUD RD @ NAVAN RD,10921,0.06,73,15,2022/09/22 00:00:00+00,381816.7611,5032736.549,45.430321,-75.515717,41
BLAIS RD @ HAWTHORNE RD,10166,0.2839,0,2,2022/09/29 00:00:00+00,377874.77,5020724.491,45.322666,-75.567866,42
SMYTH RD @ SOUTH HAVEN PL/GENERAL HOSPITAL ENTRANCE W,19910,0.0305,157,97,2022/10/04 00:00:00+00,371120.7247,5029136.553,45.399026,-75.652881,43
BRONSON AVE @ SUNNYSIDE AVE/UNIVERSITY RD - CA,47366,0,1278,212,2022/09/28 00:00:00+00,367922.7101,5028091.547,45.389919,-75.693859,44
BRONSON AVE @ CARLING AVE/GLEBE AVE,44718,0,1433,185,2022/09/28 00:00:00+00,367447.707,5029335.562,45.401155,-75.699767,45
CARLING AVE @ MAITLAND AVE/SHERBOURNE RD,36589,0.0276,881,72,2022/10/06 00:00:00+00,362942.6979,5026488.527,45.375926,-75.757642,46
NELSON ST @ SOMERSET ST,2383,0,2324,618,2022/09/29 00:00:00+00,369094.7066,5031761.576,45.422834,-75.678415,47
DENBURY AVE @ PRINCETON AVE,1218,0.0224,666,146,2022/09/14 00:00:00+00,362705.6907,5027366.542,45.383846,-75.760565,48
CROSSFIELD AVE @ DENBURY AVE,757,0.024,199,96,2022/09/14 00:00:00+00,362679.692,5027431.548,45.384433,-75.76089,49
MANSFIELD AVE @ TILLBURY AVE,581,0.0157,63,75,2022/09/14 00:00:00+00,362761.6885,5026805.538,45.378794,-75.759916,50
BLACKCREEK RD @ PARKWAY RD,751,0.063,0,0,2022/09/22 00:00:00+00,388148.8267,5019917.453,45.314261,-75.436969,51
KANATA AVE @ GOLDRIDGE DR/EVANSHEN PL,10876,0.0145,193,125,2022/07/13 00:00:00+00,350286.5926,5019728.825,45.316037,-75.919846,52
STANLEY AVE @ SUSSEX DR,13205,0.0148,208,204,2022/07/05 00:00:00+00,367832.0959,5033871.926,45.441937,-75.694277,53
NAVAN RD W @ MER BLEUE RD,6555,0.049,2,4,2022/07/05 00:00:00+00,384006.7766,5032255.544,45.425749,-75.48781,54
MONK ST @ WOODLAWN AVE,1365,0.018,352,83,2022/10/12 00:00:00+00,368459.982,5029087.328,45.39883,-75.68687,55
BANK ST @ DUN SKIPPER DR,14647,0.0941,4,9,2022/10/06 00:00:00+00,376333.15,5019313.32,45.310128,-75.587732,56
HOWIE RD @ OLD ALMONTE RD,1098,0.0821,2,2,2022/10/12 00:00:00+00,339986.4959,5013980.47,45.264902,-76.051621,57
DEFENCE ST @ HALIBURTON HGTS,1164,0.0493,132,15,2022/10/12 00:00:00+00,353172.2706,5014576.712,45.269484,-75.883545,58
KIRKWOOD AVE @ LAPERRIERE AVE,14789,0.0398,222,85,2022/10/06 00:00:00+00,364519.694,5026958.543,45.380023,-75.737452,59
BANK ST @ DALMENY RD/MARVELVILLE RD,7363,0.0841,0,2,2022/10/18 00:00:00+00,385828.7808,5004368.352,45.174631,-75.469087,60
ABBOTT ST @ GRANITE RIDGE DR,6090,0.0366,102,93,2022/08/24 00:00:00+00,351483.7536,5014434.733,45.268321,-75.905076,61
LIVERY ST @ TAPADERO AVE,1788,0.033,54,13,2022/10/19 00:00:00+00,352877.7581,5015387.096,45.276796,-75.88722,62
ANWATIN ST @ ARNOLD DR,1121,0.0307,98,9,2022/10/18 00:00:00+00,357739.6499,5019568.469,45.314072,-75.82481,63
EQUESTRIAN DR @ HARNESS LANE,1872,0.0298,78,19,2022/10/18 00:00:00+00,354687.6317,5016644.437,45.287984,-75.864027,64
TRAILWAY CIRC @ ELDERWOOD TR N/PINECRONE TR E,2091,0.0361,119,32,2022/10/18 00:00:00+00,350719.5881,5014467.437,45.268665,-75.914811,65
COLONEL BY DR/MACKENZIE AVE @ DALY AVE,17188,0,1699,199,2022/10/19 00:00:00+00,368002.7116,5031904.58,45.42422,-75.692349,66
COLONEL BY DR/SUSSEX DR @ RIDEAU ST,17970,0,6930,362,2022/10/19 00:00:00+00,367921.6967,5032044.584,45.425487,-75.693366,67
MACKENZIE AVE @ RIDEAU ST,23666,0,3204,494,2022/10/19 00:00:00+00,367869.6992,5032009.58,45.425177,-75.694035,68
ABBEYHILL DR @ CARBROOKE ST,6828,0.029,259,27,2022/10/20 00:00:00+00,353634.6183,5017933.461,45.299657,-75.877323,69
OTTAWA RIVER PKWY @ TRANSITWAY -  SCOTT ST,20677,0.0684,4,0,2022/10/20 00:00:00+00,362648.3071,5028268.661,45.391968,-75.761192,70
DORIMA ST @ INNES RD,21119,0.0179,31,6,2022/01/11 00:00:00+00,384312.7619,5036322.561,45.462305,-75.483243,71
FALLOWFIELD RD @ O'KEEFE CRT,12778,0.0501,25,11,2022/10/25 00:00:00+00,360826.6658,5015320.419,45.275608,-75.785921,72
MERIVALE RD @ SLACK RD,22511,0.0461,86,27,2022/10/25 00:00:00+00,366019.7003,5020955.493,45.325879,-75.719044,73
CHESTERTON DR @ SOUTHVIEW CRES W,3735,0.0527,158,10,2022/10/26 00:00:00+00,365342.6947,5023847.512,45.35196,-75.727326,74
HWY 417 PALLADI IC142R36 @ PALLADIUM DR,16148,0.0459,5,2,2022/11/02 00:00:00+00,348774.0571,5017374.317,45.294947,-75.939345,75
ISLAND PARK DR @ SCOTT ST,21411,0.0837,754,615,2022/10/26 00:00:00+00,363833.6895,5029040.554,45.398814,-75.745962,76
ISLAND PARK DR @ SCOTT ST,22599,0.079,783,465,2022/10/27 00:00:00+00,363833.6895,5029040.554,45.398814,-75.745962,77
IRVING PL @ SHERWOOD DR,3506,0.0164,450,274,2022/11/02 00:00:00+00,366060.7027,5028812.542,45.396572,-75.717547,78
BANNER RD/MCCLELLAN RD @ PAULA CRES N/NANCY AV,1250,0.0826,143,20,2022/11/02 00:00:00+00,360157.6694,5021432.489,45.330658,-75.793765,79
ABBEYHILL DR @ SURREY LANE,6252,0.0435,127,32,2022/11/02 00:00:00+00,353673.6163,5017965.464,45.299942,-75.876823,80
GEORGE ST @ WILLIAM ST,3287,0,8122,113,2022/11/03 00:00:00+00,368047.9721,5032233.52,45.427176,-75.691728,81
HOLMWOOD AVE @ MONK ST,2592,0.0202,926,210,2022/11/03 00:00:00+00,368425.7102,5029163.555,45.399519,-75.687298,82
CEDARVIEW RD @ HWY 416 WESTHUNT IC72R24,21165,0.0363,0,10,2022/11/07 00:00:00+00,359607.886,5019743.776,45.315506,-75.800965,83
MANOTICK MAIN ST/RIDEAU VALLEY DR E @ CENTURY ,4980,0.049,14,3,2022/11/08 00:00:00+00,370042.7107,5008802.39,45.216165,-75.669326,84
CARLING AVE @ MOODIE DR/JAMES CUMMINGS AVE W,15897,0.0268,40,68,2022/11/09 00:00:00+00,356001.6549,5023937.511,45.353514,-75.846523,85
CARLING AVE @ BEDALE DR,12539,0.015,115,61,2022/11/09 00:00:00+00,357223.6599,5023713.509,45.351408,-75.830951,86
QUEENSDALE AVE @ ALBION RD,8096,0.0352,139,10,2022/11/09 00:00:00+00,372446.741,5022922.513,45.342987,-75.636797,87
ALEX POLOWIN AVE @ KILBIRNIE DR,1831,0.0438,286,7,2022/11/15 00:00:00+00,364760.2386,5011359.902,45.239647,-75.736269,88
BRONSON AVE @ SUNNYSIDE AVE/UNIVERSITY RD - CA,45934,0.0279,812,137,2022/09/28 00:00:00+00,367922.7101,5028091.547,45.389919,-75.693859,89
TERRY FOX DR @ PALLADIUM DR/KATIMAVIK RD,49625,0.0364,52,1,2022/11/21 00:00:00+00,351269.718,5018181.775,45.302052,-75.907452,90
OTTAWA RIVER PKWY @ REMIC RAPIDS ENT/TUNNEY'S ,20155,0.0087,349,73,2022/11/03 00:00:00+00,364263.2714,5030245.247,45.409618,-75.74033,91
BROADWAY AVE @ RALPH ST,561,0.0205,144,8,2022/11/24 00:00:00+00,368311.7102,5028890.549,45.397073,-75.688789,92
MONK ST @ WILTON LANE,1553,0.0169,242,19,2022/11/24 00:00:00+00,368507.1458,5028971.227,45.397781,-75.686283,93
RALPH ST @ WOODLAWN AVE,532,0.0215,251,7,2022/11/24 00:00:00+00,368277.7106,5028981.558,45.397895,-75.689212,94
HOLMWOOD AVE @ RALPH ST,1614,0.0162,658,46,2022/11/24 00:00:00+00,368244.7091,5029056.555,45.398573,-75.689623,95
BLACKBURN AVE @ SOMERSET ST,1262,0,1033,184,2022/11/24 00:00:00+00,369407.7056,5031948.584,45.424488,-75.674391,96
IONA ST @ ISLAND PARK DR,14698,0.0067,642,56,2022/11/24 00:00:00+00,364349.7044,5028385.55,45.392877,-75.739451,97
MOSS HILL TR @ TRAILWAY CIRC S,2912,0.0306,146,3,2022/11/29 00:00:00+00,350851.5942,5014062.428,45.265012,-75.913166,98
EGRET WAY @ RIVER MIST RD,3931,0.0574,223,5,2022/11/29 00:00:00+00,364603.225,5012192.889,45.247155,-75.738168,99
CAROLA ST @ NEWHAVEN ST,952,0.1052,55,2,2022/11/29 00:00:00+00,362650.6826,5021126.49,45.327703,-75.761998,100
IRIS ST @ WOODROFFE AVE,48966,0.0504,199,37,2022/11/29 00:00:00+00,362282.6921,5024441.52,45.357562,-75.766307,101
QUEEN ELIZABETH PL @ WILTON CRES,5973,0.0134,196,26,2022/12/01 00:00:00+00,368549.7072,5028949.545,45.397582,-75.685742,102
FAIRLEA CRES @ HEATHERINGTON RD N,7171,0.0404,189,8,2022/12/01 00:00:00+00,371809.7233,5026692.527,45.37697,-75.644414,103
JOCKVALE RD/RIDEAU VALLEY DR @ PRINCE OF WALES,32122,0.0306,2,3,2022/12/14 00:00:00+00,366709.6969,5012195.397,45.246996,-75.711336,104
PRESTONE DR @ RIVER RIDGE CRES W/KENNEDY LANE,4159,0.0451,91,4,2022/12/07 00:00:00+00,382628.7464,5038238.592,45.479734,-75.50447,105
BAY ST @ SOMERSET ST,8883,0,1538,136,2022/12/07 00:00:00+00,367244.6994,5030644.568,45.412951,-75.702194,106
MONTCREST DR @ WATTERS RD,11243,0.0343,184,7,2022/12/07 00:00:00+00,384864.6925,5038588.895,45.482633,-75.475817,107
DUNNING RD @ SARSFIELD RD,1533,0.1437,0,0,2022/12/07 00:00:00+00,395969.8664,5028563.488,45.391075,-75.335645,108
SPRINGBROOK DR @ TRAILWAY CIRC,3762,0.0271,50,1,2022/12/06 00:00:00+00,350632.5931,5014590.429,45.269778,-75.915908,109
GILLESPIE CRES/RICH LITTLE DR/ @ UPLANDS DR,4244,0.0541,115,3,2022/12/07 00:00:00+00,368628.7261,5023194.509,45.345793,-75.685476,110
CLAYMOR AVE @ FALAISE RD,1209,0.0437,42,4,2022/12/07 00:00:00+00,367264.7098,5024831.527,45.360645,-75.702674,111
DEANCOURT CRES N @ PRINCESS LOUISE DR,3876,0.0366,98,11,2022/12/07 00:00:00+00,384081.7538,5038339.581,45.480479,-75.485871,112
CLEARCREST CRES S @ PRINCESS LOUISE DR,3523,0.0372,87,2,2022/12/07 00:00:00+00,384128.7528,5038414.579,45.481148,-75.485258,113
BANK ST @ HUNT CLUB RD,54014,0.04,439,8,2022/12/14 00:00:00+00,371608.7365,5024096.506,45.353631,-75.647331,114
DONNELLY DR @ GILROY RD,1745,0.0418,0,0,2022/12/15 00:00:00+00,358061.6808,4981006.256,44.96705,-75.824811,115
ASSALY RD @ REGINA ST,1863,0.0356,94,7,2022/12/20 00:00:00+00,360661.683,5025598.531,45.368104,-75.786864,116
RICHMOND RD @ WEST HUNT CLUB RD,27844,0.0245,0,0,2022/12/15 00:00:00+00,357145.6473,5018152.462,45.301375,-75.832535,117
CALDWELL AVE @ MEDFORD ST,2467,0.0718,340,49,2022/06/08 00:00:00+00,364700.7033,5026134.533,45.372593,-75.735241,118
FIELDING DR @ RANKIN ST,1183,0.0928,97,64,2022/06/08 00:00:00+00,369148.7248,5024909.515,45.361176,-75.678618,119
HAIG DR @ HAMLET RD,3041,0.0269,256,114,2022/06/14 00:00:00+00,372568.7254,5029211.55,45.399562,-75.634378,120
AIRPORT PKWY/WALKLEY RD NB OFF RAMP @ WALKLEY RD,18891,0.0308,137,25,2022/06/16 00:00:00+00,370077.7248,5025791.53,45.369026,-75.666645,121
WALKLEY RD @ AIRPORT PKWY SB RAMP,17775,0.0224,47,26,2022/06/16 00:00:00+00,369836.7171,5025651.526,45.367789,-75.66974,122
AVONCOURT WAY @ WALKLEY RD,15282,0.026,52,29,2022/06/16 00:00:00+00,369605.7147,5025515.533,45.366587,-75.672706,123
MCCARTHY RD @ SOUTHMORE DR,7659,0.0327,65,45,2022/06/16 00:00:00+00,369449.7225,5024837.528,45.360501,-75.674786,124
THORNDALE DR @ WALKLEY RD,14713,0.0257,27,17,2022/06/16 00:00:00+00,369465.7242,5025431.525,45.365844,-75.674504,125
MCCARTHY RD @ WALKLEY RD,18210,0.0261,32,23,2022/06/16 00:00:00+00,369249.7173,5025300.522,45.364685,-75.677278,126
BEVERLY ST @ STITTSVILLE MAIN ST,18267,0.0316,343,33,2022/06/21 00:00:00+00,349843.5836,5013825.425,45.262945,-75.926032,127
MAXIME ST @ CYRVILLE RD,9713,0.038,76,32,2022/07/05 00:00:00+00,374826.7357,5031173.56,45.416993,-75.605261,128
ANDERSON RD @ RIDGE RD,6127,0.0249,0,6,2022/07/05 00:00:00+00,379029.7574,5028508.532,45.392581,-75.551967,129
DES EPINETTES AVE @ PRESTWICK DR,7711,0.0251,149,57,2022/07/05 00:00:00+00,383334.7613,5036664.57,45.465493,-75.495692,130
AQUAVIEW DR/LAKERIDGE DR @ BRIAN COBURN BLVD,11667,0.024,136,79,2022/07/05 00:00:00+00,384776.3381,5035179.102,45.451965,-75.477502,131
MILTON RD @ NAVAN RD,8341,0.0475,0,1,2022/07/05 00:00:00+00,387268.7888,5031812.521,45.421386,-75.446205,132
PORTOBELLO BLVD @ VALIN ST,9507,0.0274,103,40,2022/07/05 00:00:00+00,385350.766,5037697.569,45.474557,-75.469746,133
DALY AVE @ KING EDWARD AVE,14423,0.0276,702,62,2022/07/05 00:00:00+00,368591.7076,5032273.586,45.427487,-75.684775,134
PRESLAND RD @ VANIER PKWY,39452,0.0169,160,77,2022/07/05 00:00:00+00,370433.1219,5031751.637,45.42262,-75.661315,135
DONALD B. MUNRO DR/OLD CARP RD W @ MARCH RD,7623,0.0854,2,38,2022/07/26 00:00:00+00,343091.5592,5022592.501,45.342235,-76.011389,136
FLEWELLYN RD @ SHEA RD,5998,0.0503,0,9,2022/07/12 00:00:00+00,352993.6002,5012174.405,45.24788,-75.886055,137
LEGGET DR @ TERRY FOX DR,6508,0.0539,141,167,2022/07/26 00:00:00+00,350176.6178,5023444.493,45.349478,-75.920908,138
MARCH VALLEY RD @ TERRY FOX DR,7144,0.0174,172,245,2022/07/13 00:00:00+00,350754.5692,5023784.006,45.352496,-75.913501,139
MICHAEL COWPLAND DR @ TERENCE MATTHEWS CRES E,9066,0.0188,158,52,2022/07/13 00:00:00+00,354231.6151,5016511.444,45.28682,-75.869853,140
EAGLESON RD @ FLEWELLYN RD,13768,0.0307,0,6,2022/07/26 00:00:00+00,355333.6235,5014247.425,45.266369,-75.856036,141
BRIDGESTONE DR @ EAGLESON RD,15620,0.0204,40,31,2022/07/13 00:00:00+00,354872.691,5015403.907,45.276808,-75.861793,142
HUNTSVILLE DR @ TERRY FOX DR,13869,0.0248,28,83,2022/07/13 00:00:00+00,348347.1182,5019895,45.317655,-75.944567,143
ABBOTT ST @ SHEA RD,8924,0.0255,205,450,2022/07/13 00:00:00+00,351158.2914,5014146.616,45.26575,-75.90925,144
STITTSVILLE MAIN ST @ WEST RIDGE DR/PARADE DR,8066,0.0329,62,89,2022/07/26 00:00:00+00,350901.81,5011480.05,45.241772,-75.912766,145
MARKETPLACE AVE @ RIOCAN AVE,10918,0.0284,635,94,2022/07/07 00:00:00+00,364286.8769,5014761.595,45.270295,-75.74189,146
BARRAN ST @ FALLOWFIELD RD,15012,0.0325,3,42,2022/07/07 00:00:00+00,362292.6808,5016244.438,45.283804,-75.767131,147
BILL LEATHEM DR @ LEIKIN DR S,4502,0.0491,83,71,2022/07/07 00:00:00+00,366925.7039,5017439.454,45.294162,-75.707929,148
CRESTWAY DR @ LEIKIN DR,5298,0.0241,165,86,2022/07/07 00:00:00+00,366939.4043,5016514.564,45.285839,-75.70787,149
BANKFIELD RD @ FIRST LINE RD,11978,0.1092,0,16,2022/07/07 00:00:00+00,366735.6956,5009189.387,45.219945,-75.711379,150
BLACKLEAF DR @ LONGFIELDS DR,13620,0.0218,7,24,2022/07/07 00:00:00+00,365567.34,5012899.71,45.253433,-75.725801,151
JOCKVALE RD @ LONGFIELDS DR,17639,0.0215,38,97,2022/07/07 00:00:00+00,364829.29,5014001.03,45.263406,-75.73507,152
CAMBRIAN RD @ KILBIRNIE DR/TUCANA WAY,11187,0.0259,200,120,2022/07/07 00:00:00+00,365113.84,5013068.72,45.254992,-75.731558,153
BARNSDALE RD @ RIDEAU VALLEY DR,11334,0.0252,1,25,2022/07/07 00:00:00+00,367139.6983,5011811.4,45.243503,-75.705907,154
BOUNDARY RD @ MITCH OWENS RD,9990,0.1122,0,4,2022/07/06 00:00:00+00,388065.8321,5022162.47,45.334469,-75.43765,155
SNAKE ISLAND RD @ STAGECOACH RD,8981,0.1597,0,5,2022/07/06 00:00:00+00,378062.7575,5006581.385,45.195392,-75.567554,156
APPLE ORCHARD RD @ STAGECOACH RD,8510,0.1204,8,37,2022/07/06 00:00:00+00,376239.7552,5012603.427,45.249764,-75.589889,157
HAWTHORNE RD @ RIDEAU RD,8094,0.3229,1,3,2022/07/06 00:00:00+00,378618.7767,5018940.478,45.306537,-75.558643,158
BOUNDARY RD @ RUSSELL RD,7263,0.1097,14,2,2022/07/06 00:00:00+00,386546.8135,5026021.502,45.369368,-75.456389,159
DAVIDSON RD @ HAWTHORNE RD,16943,0.165,0,4,2022/07/06 00:00:00+00,376282.7537,5024509.516,45.356886,-75.587624,160
LEITRIM RD S @ RAMSAYVILLE RD,8778,0.0551,0,5,2022/07/06 00:00:00+00,378785.7671,5023729.505,45.349608,-75.555798,161
CARLING AVE @ HIGH ST,8631,0.0213,156,47,2022/07/06 00:00:00+00,359924.6709,5024562.521,45.35884,-75.796388,162
CARLING AVE @ VICK AVE,17486,0.0197,164,58,2022/07/06 00:00:00+00,359855.6655,5024517.517,45.35844,-75.797274,163
DUMAURIER AVE @ RICHMOND RD,14194,0.0381,119,37,2022/07/07 00:00:00+00,359627.6654,5023735.511,45.351422,-75.80027,164
ATHLONE AVE @ RICHMOND RD,11047,0,1788,240,2022/07/07 00:00:00+00,363453.6895,5028441.556,45.393457,-75.750887,165
BYRON AVE @ ROOSEVELT AVE,3704,0.0195,709,375,2022/07/07 00:00:00+00,363035.6894,5028061.549,45.390072,-75.75627,166
DILWORTH RD @ REEVECRAIG RD,838,0.047,0,6,2022/07/07 00:00:00+00,372152.6967,4995572.252,45.096922,-75.644249,167
GREENLINE RD @ REEVECRAIG RD,101,0,0,0,2022/07/07 00:00:00+00,372018.7027,4993224.236,45.075807,-75.646266,168
SOUTHMORE DR @ WALKLEY RD,17135,0.0265,35,28,2022/06/23 00:00:00+00,369710.7241,5025574.529,45.367108,-75.671358,169
MCCARTHY RD @ SOUTHMORE DR,7880,0.037,85,63,2022/06/23 00:00:00+00,369449.7225,5024837.528,45.360501,-75.674786,170
COCKBURN ST @ MARTIN ST,478,0.0309,55,33,2022/06/22 00:00:00+00,357238.6141,5006147.353,45.193343,-75.832616,171
BEECHWOOD AVE @ SPRINGFIELD RD,15792,0,1165,509,2022/06/28 00:00:00+00,369236.7014,5033653.589,45.439844,-75.676353,172
BERKELEY AVE @ RICHMOND RD,10113,0.0402,748,240,2022/06/28 00:00:00+00,362910.6861,5028065.549,45.390119,-75.757865,173
COOPER ST @ BANK ST,7268,0,3785,302,2022/06/29 00:00:00+00,367648.7103,5030990.572,45.416028,-75.696989,174
COOPER ST @ KENT ST,10882,0,1172,125,2022/06/29 00:00:00+00,367482.7046,5030889.562,45.415134,-75.699123,175
MACLAREN ST @ O'CONNOR ST,9785,0,1247,411,2022/06/29 00:00:00+00,367899.7149,5030940.577,45.415556,-75.693789,176
FLORA ST @ KENT ST,13058,0.0215,531,89,2022/06/29 00:00:00+00,367828.7134,5030323.567,45.41001,-75.694774,177
ST. JOSEPH BLVD @ FOREST VALLEY DR/YOUVILLE DR,21862,0.0157,48,81,2022/07/06 00:00:00+00,379164.7411,5036156.591,45.461379,-75.549088,178
ST. JOSEPH BLVD @ JEANNE D'ARC BLVD,32891,0.0212,249,26,2022/07/06 00:00:00+00,379860.7425,5036471.581,45.464139,-75.540141,179
CROSSFIELD AVE @ DENBURY AVE,518,0.0696,47,25,2022/07/12 00:00:00+00,362679.692,5027431.548,45.384433,-75.76089,180
MAPLE GROVE RD @ MONTSERRAT ST/WARMSTONE DR,3455,0.0062,74,21,2022/07/12 00:00:00+00,350006.52,5016472.746,45.286756,-75.923715,181
WALKLEY RD @ WEXFORD WAY,14647,0.0272,42,8,2022/06/21 00:00:00+00,369343.7151,5025362.528,45.365234,-75.67607,182
MCCARTHY RD @ WALKLEY RD,18321,0.0305,29,22,2022/06/21 00:00:00+00,369249.7173,5025300.522,45.364685,-75.677278,183
AIRPORT PKWY/WALKLEY RD NB OFF RAMP @ WALKLEY RD,18758,0.0317,137,19,2022/06/21 00:00:00+00,370077.7248,5025791.53,45.369026,-75.666645,184
HURON AVE @ SPENCER ST,1568,0.0094,347,171,2022/07/19 00:00:00+00,364756.7012,5029338.562,45.401417,-75.734137,185
THORNDALE DR @ WALKLEY RD,14894,0.0285,23,9,2022/06/21 00:00:00+00,369465.7242,5025431.525,45.365844,-75.674504,186
MEANDERING BROOK DR E @ STEDMAN ST,1283,0.0064,175,27,2022/07/19 00:00:00+00,373153.8249,5022812.926,45.341933,-75.627791,187
BASSETT LANE @ PICCADILLY AVE,380,0.0216,97,49,2022/07/19 00:00:00+00,364320.695,5028685.559,45.395579,-75.739785,188
VALIN ST @ WINSOME TER,2813,0.0385,150,94,2022/07/26 00:00:00+00,385862.7551,5037438.141,45.472164,-75.463242,189
DES PRAIRIES AVE N @ PRESTWICK DR N,3552,0.0263,32,53,2022/07/27 00:00:00+00,383495.7603,5036462.57,45.463658,-75.493666,190
BYRON AVE @ WOODLAND AVE,199,0.3058,131,85,2022/07/27 00:00:00+00,361355.68,5026256.525,45.373969,-75.77793,191
ELM CRES S @ STITTSVILLE MAIN ST,11081,0.03,16,20,2022/07/22 00:00:00+00,350869.592,5012632.409,45.252143,-75.913069,192
CONROY RD @ QUEENSDALE AVE,10146,0.0499,1,16,2022/07/27 00:00:00+00,374351.7398,5024043.511,45.352887,-75.612334,193
CONROY RD @ DAVIDSON RD N,10685,0.0548,1,15,2022/07/27 00:00:00+00,374573.7515,5023515.51,45.348115,-75.609575,194
BELCOURT BLVD @ CARRIERE ST,3905,0.0164,66,39,2022/08/04 00:00:00+00,381483.7478,5036849.577,45.467363,-75.519331,195
WALKLEY RD @ AIRPORT PKWY SB RAMP,18658,0.0219,80,24,2022/05/10 00:00:00+00,369836.7171,5025651.526,45.367789,-75.66974,196
WALKLEY RD @ AIRPORT PKWY SB RAMP,17718,0.0248,51,16,2022/06/21 00:00:00+00,369836.7171,5025651.526,45.367789,-75.66974,197
CENTRAL PARK DR N @ MERIVALE RD,21104,0.0314,231,95,2022/08/03 00:00:00+00,364952.9039,5025873.588,45.370223,-75.732054,198
FISHER AVE @ VIEWMOUNT DR,14200,0.0352,39,113,2022/08/03 00:00:00+00,366918.7093,5024209.507,45.355079,-75.707168,199
FISHER AVE @ KINTYRE PRIV,13780,0.0373,45,77,2022/08/03 00:00:00+00,366496.7088,5025235.516,45.364348,-75.712426,200
MEADOWLANDS DR/TALLWOOD DR @ WOODROFFE AVE,35195,0.039,269,173,2022/08/03 00:00:00+00,363056.6896,5022730.494,45.342102,-75.75663,201
BASELINE RD @ FARLANE BLVD,29767,0.0258,112,42,2022/08/03 00:00:00+00,365356.6921,5025517.533,45.366985,-75.726943,202
BANK ST @ ERIE AVE,23838,0.0301,199,50,2022/08/03 00:00:00+00,370134.7206,5026479.526,45.375212,-75.665826,203
BROOKFIELD RD @ 200 W OF FLANNERY DR,7586,0.0313,75,65,2022/08/03 00:00:00+00,368509.1416,5026257.637,45.373365,-75.686608,204
BANK ST @ ROSEBELLA AVE,15129,0.0431,99,45,2022/08/03 00:00:00+00,373205.7431,5023550.514,45.348564,-75.627026,205
HERON RD @ KALADAR AVE,23905,0.0378,135,46,2022/08/03 00:00:00+00,369685.7234,5026804.538,45.378178,-75.671515,206
HWY 417 TERRYFO IC140R61 @ TERRY FOX DR,36775,0.027,26,42,2022/08/03 00:00:00+00,350809.602,5018709.466,45.30683,-75.91327,207
CATHERINE ST @ ELGIN ST,9523,0.0279,828,174,2022/08/04 00:00:00+00,368552.7096,5030577.572,45.41223,-75.685493,208
HAWTHORNE AVE @ MAIN ST,15738,0.0289,787,591,2022/07/13 00:00:00+00,368970.7096,5030632.567,45.412687,-75.680146,209
ANDERSON RD @ LEITRIM RD,9272,0.0665,0,8,2022/08/17 00:00:00+00,380473.7741,5024908.505,45.360036,-75.534078,210
MERIVALE RD @ MACFARLANE RD,15673,0.0399,16,51,2022/08/18 00:00:00+00,366153.3313,5020632.422,45.32296,-75.71738,211
ROCHESTER ST @ SOMERSET ST,9987,0.0432,996,165,2022/08/23 00:00:00+00,366481.7051,5030202.566,45.409042,-75.711997,212
DALHOUSIE ST @ YORK ST,10891,0,3641,168,2022/08/23 00:00:00+00,368093.7071,5032419.59,45.428846,-75.69112,213
CLARENCE ST @ DALHOUSIE ST,8566,0,3064,137,2022/08/23 00:00:00+00,368042.6995,5032503.598,45.429606,-75.691761,214
GARLAND ST @ SOMERSET ST W/WELLINGTON ST,6773,0.0452,909,246,2022/08/23 00:00:00+00,365651.7015,5029845.561,45.405902,-75.722643,215
BAYSWATER AVE @ SOMERSET ST,11780,0,1211,231,2022/08/23 00:00:00+00,365812.7005,5029911.568,45.406482,-75.720579,216
DALHOUSIE ST @ MURRAY ST,11994,0,2706,125,2022/08/23 00:00:00+00,368000.6991,5032573.595,45.43024,-75.692289,217
DALHOUSIE ST @ ST. PATRICK ST,10687,0,1945,126,2022/08/23 00:00:00+00,367957.7006,5032640.581,45.430846,-75.69283,218
FAIRMONT AVE @ GLADSTONE AVE,5271,0.0519,520,196,2022/08/23 00:00:00+00,365735.7024,5029344.563,45.401387,-75.721632,219
BAYSWATER AVE @ GLADSTONE AVE,5424,0.0559,363,181,2022/08/23 00:00:00+00,366000.7044,5029479.566,45.402578,-75.718231,220
PRESTON ST @ ELM ST,8417,0.0728,586,101,2022/08/23 00:00:00+00,366245.7042,5030273.563,45.409701,-75.715003,221
ALBERT ST @ PRESTON ST,16923,0.0639,306,185,2022/08/23 00:00:00+00,366160.697,5030464.571,45.411427,-75.716065,222
ARGYLE AVE N @ ELGIN ST,12071,0,1015,255,2022/08/25 00:00:00+00,368493.7093,5030671.571,45.413081,-75.686235,223
ELGIN ST @ GLADSTONE AVE,10520,0,2444,306,2022/08/25 00:00:00+00,368384.716,5030844.568,45.414648,-75.687605,224
ELGIN ST @ NEPEAN ST,11172,0,4497,308,2022/08/25 00:00:00+00,368029.7084,5031411.572,45.419782,-75.692067,225
ELGIN ST @ LISGAR ST,10533,0,5758,312,2022/08/25 00:00:00+00,368074.7112,5031345.576,45.419184,-75.691501,226
ELGIN ST @ WAVERLEY ST,9363,0,2948,244,2022/08/25 00:00:00+00,368317.7067,5030952.568,45.415626,-75.688447,227
COOPER ST @ ELGIN ST,9407,0,5117,333,2022/08/25 00:00:00+00,368119.714,5031271.589,45.418514,-75.690935,228
ELGIN ST @ GILMOUR ST,9217,0,3252,325,2022/08/25 00:00:00+00,368252.71,5031054.578,45.416549,-75.689264,229
ELGIN ST @ MACLAREN ST,8812,0,3681,338,2022/08/25 00:00:00+00,368208.7134,5031126.575,45.417201,-75.689817,230
WELLINGTON ST @ BAYSWATER AVE/BAYVIEW RD,5868,0.0397,527,114,2022/08/31 00:00:00+00,365760.7031,5030012.577,45.407395,-75.72123,231
BESSERER ST @ NICHOLAS ST,7551,0,2116,75,2022/08/31 00:00:00+00,368185.7089,5032111.58,45.426066,-75.689984,232
GLADSTONE AVE @ ROCHESTER ST,17102,0.0395,828,304,2022/08/31 00:00:00+00,366662.698,5029787.566,45.405292,-75.709737,233
BOLTON ST @ DALHOUSIE ST,5829,0.0231,449,78,2022/09/01 00:00:00+00,367738.6995,5033001.586,45.434114,-75.695582,234
GLADSTONE AVE @ PERCY ST,8375,0.0342,952,354,2022/08/31 00:00:00+00,367328.7085,5030206.566,45.409002,-75.701177,235
RIDEAU ST @ 88 W OF WILLIAM ST/FREIMAN MALL,3576,0,3469,255,2022/08/31 00:00:00+00,368023.7243,5032110.104,45.426067,-75.692054,236
ABBOTT ST @ SHEA RD,10619,0.0365,172,6,2022/02/16 00:00:00+00,351158.2914,5014146.616,45.26575,-75.90925,237
EARL ARMSTRONG RD @ BOWESVILLE RD,6002,0.0452,2,2,2022/02/16 00:00:00+00,372560.741,5017440.464,45.293651,-75.636092,238
HWY 417 MAITLAND IC126R26/62 @ MAITLAND AVE,30543,0.0218,38,6,2022/02/16 00:00:00+00,363145.689,5025983.518,45.371365,-75.755111,239
MAITLAND AVE @ WOODWARD DR,34526,0.0227,59,16,2022/02/16 00:00:00+00,363273.6946,5025662.527,45.368466,-75.753514,240
POULIN AVE @ RICHMOND RD,11485,0.0425,235,5,2022/02/17 00:00:00+00,360325.6794,5024900.514,45.36185,-75.791232,241
CROYDON AVE @ RICHMOND RD,11071,0.0456,399,3,2022/02/17 00:00:00+00,360545.6868,5025272.52,45.365179,-75.788382,242
MAITLAND AVE @ 30 S OF AGINCOURT RD/TRINITY UN,27976,0.0185,29,2,2022/02/16 00:00:00+00,363464.58,5025426.67,45.366328,-75.751106,243
MAITLAND AVE/HWY 417 MAITLAND IC126R53 @ HWY 4,35178,0.0216,11,4,2022/02/16 00:00:00+00,363229.6899,5025774.518,45.369478,-75.754063,244
EARL ARMSTRONG RD @ BOWESVILLE RD,6134,0.0433,2,1,2022/02/16 00:00:00+00,372560.741,5017440.464,45.293651,-75.636092,245
CENTRAL PARK DR S @ MERIVALE RD,21569,0.0342,93,1,2022/02/23 00:00:00+00,364987.2004,5025598.491,45.367745,-75.731649,246
KIRKWOOD AVE @ LAPERRIERE AVE,13820,0.0458,142,8,2022/02/23 00:00:00+00,364519.694,5026958.543,45.380023,-75.737452,247
CAMPEAU DR @ JOURNEYMAN ST,4833,0.0456,28,1,2022/02/23 00:00:00+00,348792.79,5017828.37,45.299031,-75.939066,248
DYNES RD @ PRINCE OF WALES DR,11273,0.0619,81,2,2022/02/23 00:00:00+00,367114.7141,5025923.533,45.370484,-75.704451,249
MARCH RD @ UPPER DWYER HILL RD,8559,0.047,0,0,2022/02/23 00:00:00+00,334081.4419,5014291.5,45.267972,-76.126848,250
BASELINE RD @ FISHER AVE,41953,0.0322,164,3,2022/02/23 00:00:00+00,366166.6936,5026028.533,45.371512,-75.71654,251
CHURCHILL AVE @ CLARE ST/PRINCETON AVE,11294,0.0389,558,9,2022/02/23 00:00:00+00,363460.684,5027751.549,45.387248,-75.750879,252
CLARE ST @ KIRKWOOD AVE,13129,0.0502,252,5,2022/02/23 00:00:00+00,364066.6963,5027973.551,45.389194,-75.743114,253
BASELINE RD @ LOBLAWS SC,25721,0.0171,212,4,2022/02/23 00:00:00+00,364742.6511,5025129.497,45.363546,-75.734828,254
KIRKWOOD AVE @ 118 N OF DOVERCOURT AVE,12659,0.0443,163,4,2022/02/23 00:00:00+00,364160.37,5027757.75,45.387244,-75.741944,255
KIRKWOOD AVE @ SWITZER AVE,16838,0.0371,259,6,2022/02/23 00:00:00+00,364233.7,5027587.533,45.385707,-75.741028,256
CARLING AVE @ CLYDE AVE/COLE AVE,27442,0.0303,321,17,2022/02/23 00:00:00+00,363520.6906,5026850.542,45.379135,-75.75022,257
BAYSWATER AVE @ SHERWOOD DR,3971,0.0142,200,9,2022/02/23 00:00:00+00,366314.7014,5028760.547,45.396081,-75.71431,258
BLAIR RD @ ENIGMA PRIV,9713,0.0371,41,3,2022/02/24 00:00:00+00,374256.8012,5033839.552,45.441037,-75.612166,259
HAMPSTEAD PL @ WALKLEY RD,16359,0.0344,130,1,2022/02/24 00:00:00+00,370682.7142,5026149.534,45.372191,-75.658874,260
CEDARWOOD DR @ WALKLEY RD,16650,0.0284,230,1,2022/02/24 00:00:00+00,371194.7286,5026455.524,45.374896,-75.652297,261
BAYCREST DR @ WALKLEY RD,18701,0.0371,223,3,2022/02/24 00:00:00+00,371421.7306,5026590.527,45.376089,-75.649381,262
ALBION RD/COLLISTON CRES E @ WALKLEY RD,18467,0.0382,437,1,2022/02/24 00:00:00+00,371033.7297,5026354.534,45.374003,-75.654366,263
BLAIR RD @ MONTREAL RD,21808,0.0343,54,1,2022/02/24 00:00:00+00,374019.7202,5034439.585,45.446459,-75.615112,264
SEGUIN ST @ BLAIR RD,9024,0.0392,42,1,2022/02/24 00:00:00+00,374079.7184,5034284.59,45.445059,-75.614367,265
WALKLEY RD @ HEATHERINGTON RD,20077,0.0379,425,2,2022/02/24 00:00:00+00,371766.7248,5026794.527,45.377892,-75.644949,266
ALTA VISTA DR @ BANK ST,32263,0.0278,470,3,2022/02/24 00:00:00+00,370248.0691,5026200.739,45.372693,-75.664416,267
ALBERT ST @ CITY CENTRE AVE,10739,0.1421,258,33,2022/02/24 00:00:00+00,365955.7016,5030344.569,45.410365,-75.718698,268
FLEWELLYN RD @ SHEA RD,6172,0.041,0,0,2022/03/02 00:00:00+00,352993.6002,5012174.405,45.24788,-75.886055,269
CENTREPOINTE DR @ 90 N OF EPSILON WAY,6074,0.0315,121,0,2022/03/01 00:00:00+00,362576.86,5022751.76,45.342333,-75.76275,270
CHESTERTON DR @ MEADOWLANDS DR,14839,0.0297,195,1,2022/03/01 00:00:00+00,365101.7036,5024009.508,45.353438,-75.730382,271
CARLING AVE @ CONNAUGHT AVE,25508,0.0468,228,4,2022/03/01 00:00:00+00,360770.6762,5025117.515,45.363767,-75.785528,272
CARLING AVE @ BAYSHORE DR/BIRCHDALE AVE,16493,0.0357,207,1,2022/03/01 00:00:00+00,359004.871,5023990.612,45.353766,-75.80819,273
FERNBANK RD @ SHEA RD,15639,0.0367,1,0,2022/03/02 00:00:00+00,352117.5957,5013181.422,45.257001,-75.897118,274
BANK ST @ RIVERSIDE DR N,31966,0.088,451,18,2022/03/08 00:00:00+00,369225.7159,5027983.546,45.388828,-75.677235,275
CARLING AVE @ CORKSTOWN RD,10231,0.0326,43,1,2022/03/01 00:00:00+00,357999.6617,5023424.511,45.348749,-75.82108,276
CARLING AVE @ MOODIE DR/JAMES CUMMINGS AVE W,11239,0.042,6,4,2022/03/01 00:00:00+00,356001.6549,5023937.511,45.353514,-75.846523,277
HERON RD @ 155 W OF BANK ST/CANADIAN TIRE SC,25675,0.0487,209,2,2022/03/01 00:00:00+00,369847.8238,5026831.497,45.378405,-75.669442,278
CLOVER ST @ HERON RD,23012,0.0401,290,1,2022/03/01 00:00:00+00,369292.7157,5026764.544,45.377854,-75.676538,279
BANK ST @ DAVIDSON RD/LESTER RD,20592,0.043,6,0,2022/03/02 00:00:00+00,373672.7381,5022923.513,45.342877,-75.621154,280
BANK ST @ QUEENSDALE AVE,18700,0.0406,120,4,2022/03/02 00:00:00+00,373336.7429,5023445.513,45.347607,-75.625369,281
BANK ST @ CAHILL DR/DAZE ST,25875,0.0329,312,3,2022/03/02 00:00:00+00,371306.815,5024316.728,45.355641,-75.651154,282
CLEMENTINE BLVD @ HERON RD,24201,0.0457,151,1,2022/03/01 00:00:00+00,369547.7208,5026786.536,45.378028,-75.67328,283
ST. LAURENT BLVD @ ST. LAURENT BLVD SERVICE,16818,0.0457,530,4,2022/03/02 00:00:00+00,373496.93,5029149.59,45.398914,-75.622532,284
AGES DR @ HAWTHORNE RD,22349,0.17,85,1,2022/03/02 00:00:00+00,374971.7412,5027717.536,45.385883,-75.6039,285
CARLING AVE @ CHAMPAGNE AVE,20819,0.0493,351,19,2022/03/03 00:00:00+00,366627.7004,5028810.541,45.396504,-75.710306,286
HOLLAND AVE @ TYNDALL ST,12741,0.0602,388,17,2022/03/03 00:00:00+00,365031.697,5028917.556,45.397606,-75.730676,287
HOLLAND AVE @ SPENCER ST,8317,0.1277,686,8,2022/03/03 00:00:00+00,364832.7012,5029372.556,45.401717,-75.733162,288
CAHILL DR @ HUNT CLUB RD,29191,0.049,32,0,2022/03/02 00:00:00+00,372407.7347,5024542.509,45.357567,-75.637073,289
BOOTH ST @ GLADSTONE AVE,17655,0.0367,654,19,2022/03/03 00:00:00+00,366768.7054,5029850.562,45.405849,-75.708375,290
BOOTH ST @ WILLOW ST,8999,0.018,320,3,2022/03/03 00:00:00+00,366710.695,5029982.575,45.407042,-75.709099,291
BOOTH ST @ PRIMROSE AVE,9647,0.0126,464,7,2022/03/03 00:00:00+00,366497.6986,5030471.572,45.411461,-75.711759,292
BANK ST @ SPARKS ST,3735,0.1258,749,8,2022/03/08 00:00:00+00,367301.7035,5031556.576,45.421152,-75.70135,293
BANK ST @ GLOUCESTER ST,6940,0,4492,63,2022/03/08 00:00:00+00,367523.707,5031198.582,45.417911,-75.698559,294
BANK ST @ SOMERSET ST,12396,0,5424,75,2022/03/08 00:00:00+00,367694.7029,5030915.565,45.415349,-75.696411,295
BANK ST @ GILMOUR ST,8533,0,3806,56,2022/03/08 00:00:00+00,367786.7047,5030774.571,45.414072,-75.695253,296
BANK ST @ LISGAR ST,6783,0,3558,68,2022/03/08 00:00:00+00,367604.7138,5031064.569,45.416698,-75.697542,297
CARLING AVE @ GRANDVIEW RD/NORTEL ENTRANCE,17091,0.0398,19,1,2022/03/01 00:00:00+00,355725.6496,5024052.512,45.354568,-75.850033,298
BANK ST @ GLADSTONE AVE,15602,0,3870,39,2022/03/08 00:00:00+00,367916.7064,5030562.571,45.412153,-75.69362,299
JAMES ST @ LYON ST,5842,0.0302,506,5,2022/03/08 00:00:00+00,367496.7103,5030502.565,45.411651,-75.698993,300
CUMBERLAND ST @ ST. PATRICK ST,5546,0.0479,555,3,2022/03/08 00:00:00+00,368128.7047,5032748.582,45.431803,-75.690631,301
GLOUCESTER ST @ LYON ST,8720,0,1521,21,2022/03/08 00:00:00+00,367194.6981,5031001.573,45.416168,-75.702788,302
CUMBERLAND ST @ MURRAY ST,9077,0.0389,607,15,2022/03/08 00:00:00+00,368170.6969,5032679.585,45.431178,-75.690103,303
LISGAR ST @ LYON ST,7344,0.0305,850,14,2022/03/08 00:00:00+00,367275.7048,5030865.57,45.414937,-75.70177,304
KING EDWARD AVE @ MURRAY ST,37176,0.086,715,24,2022/03/09 00:00:00+00,368291.6998,5032753.582,45.431833,-75.688547,305
KING EDWARD AVE @ YORK ST,24026,0,1326,16,2022/03/09 00:00:00+00,368396.7091,5032621.589,45.430636,-75.687222,306
FALLOWFIELD RD @ O'KEEFE CRT,12135,0.0429,25,0,2022/03/23 00:00:00+00,360826.6658,5015320.419,45.275608,-75.785921,307
MERIVALE RD @ PINEGLEN CRES,13257,0.0364,66,7,2022/03/22 00:00:00+00,366242.7101,5020412.481,45.320973,-75.716267,308
FERNBANK RD @ ROUNCEY RD,14208,0.0332,6,0,2022/03/23 00:00:00+00,353738.6371,5014617.145,45.269809,-75.876324,309
APOLUNE ST @ CAMBRIAN RD,9808,0.0494,17,4,2022/03/23 00:00:00+00,363489.228,5012112.802,45.246528,-75.752368,310
GLADSTONE AVE @ PRESTON ST,17523,0,1336,99,2022/03/23 00:00:00+00,366489.706,5029712.558,45.404632,-75.711956,311
TERRY FOX DR S @ DIDSBURY RD/CENTRUM KANATA SC,33641,0.0288,41,2,2022/03/29 00:00:00+00,350623.4789,5018915.729,45.308699,-75.915625,312
HUNTMAR DR @ MAPLE GROVE RD,17895,0.0231,90,2,2022/03/29 00:00:00+00,350267.605,5016713.453,45.288905,-75.920365,313
CHESTERTON DR @ SOUTHVIEW CRES W,3479,0.049,196,5,2022/04/06 00:00:00+00,365342.6947,5023847.512,45.35196,-75.727326,314
BARTONIA CIR/WILLOW ASTER CIR @ ST. JEROME CRES,1809,0.0498,233,48,2022/04/06 00:00:00+00,383774.5423,5033928.927,45.440831,-75.490509,315
BORRISOKANE RD @ CAMBRIAN RD,10744,0.0978,0,2,2022/04/20 00:00:00+00,363002.6714,5011834.402,45.244064,-75.758598,316
HALF MOON BAY @ RIVER RUN AVE,3171,0.0289,78,16,2022/04/26 00:00:00+00,364526.834,5013132.913,45.25562,-75.739028,317
CAMBRIAN RD @ GREENBANK RD,19253,0.0294,319,82,2022/04/26 00:00:00+00,364764.6855,5012872.423,45.253256,-75.73603,318
CAMBRIAN RD/GOLFLINKS DR W @ LONGFIELDS DR,20635,0.0332,102,32,2022/04/26 00:00:00+00,365382.6908,5013223.417,45.256361,-75.728114,319
GREENBANK RD @ HALF MOON BAY,13299,0.019,267,39,2022/04/26 00:00:00+00,364652.3893,5013129.634,45.25558,-75.737429,320
GREY NUNS DR @ BROOKSIDE LANE/HARVEST CRES S,2008,0.0416,122,7,2022/04/27 00:00:00+00,379713.741,5036758.589,45.466737,-75.541977,321
NASKAPI DR @ ROTHWELL DR,1469,0.0525,46,5,2022/04/27 00:00:00+00,374778.714,5034746.594,45.449146,-75.605366,322
MARQUIS AVE W @ NASKAPI DR W,1624,0.0424,81,7,2022/04/27 00:00:00+00,375111.7234,5034759.596,45.449229,-75.601108,323
BEAUSEJOUR DR @ BOYER RD,2091,0.0321,80,10,2022/04/27 00:00:00+00,380781.7499,5035958.581,45.459424,-75.528445,324
ASSALY RD @ RICHMOND RD,8921,0.0546,260,8,2022/02/17 00:00:00+00,360729.6739,5025528.535,45.367468,-75.786004,325
PORTOBELLO BLVD @ SUMMER SKY ST,924,0.1558,67,6,2022/03/30 00:00:00+00,385991.3189,5034920.799,45.449501,-75.462014,326
BASELINE RD @ MERIVALE RD,47151,0.0276,398,109,2022/05/10 00:00:00+00,365054.6964,5025325.515,45.365283,-75.730821,327
WALKLEY RD @ WEXFORD WAY,16287,0.0265,41,38,2022/05/10 00:00:00+00,369343.7151,5025362.528,45.365234,-75.67607,328
MCCARTHY RD @ WALKLEY RD,19204,0.0272,79,39,2022/05/10 00:00:00+00,369249.7173,5025300.522,45.364685,-75.677278,329
THORNDALE DR @ WALKLEY RD,15936,0.0253,45,29,2022/05/10 00:00:00+00,369465.7242,5025431.525,45.365844,-75.674504,330
AIRPORT PKWY/WALKLEY RD NB OFF RAMP @ WALKLEY RD,19873,0.0306,195,27,2022/05/10 00:00:00+00,370077.7248,5025791.53,45.369026,-75.666645,331
MCCARTHY RD @ SOUTHMORE DR,7611,0.0312,134,146,2022/05/10 00:00:00+00,369449.7225,5024837.528,45.360501,-75.674786,332
SOUTHMORE DR @ WALKLEY RD,17321,0.0233,46,41,2022/05/10 00:00:00+00,369710.7241,5025574.529,45.367108,-75.671358,333
KING ST @ MARTIN ST,227,0.0791,15,6,2022/05/19 00:00:00+00,357351.6243,5006247.353,45.194235,-75.831167,334
MACDONALD ST @ SOMERSET ST,1696,0.0232,515,349,2022/05/18 00:00:00+00,368463.7102,5031378.579,45.419446,-75.686527,335
ORLEANS BLVD @ LONGLEAF DR N/SILVERBIRCH ST,6989,0.0317,126,19,2022/05/17 00:00:00+00,380738.751,5034033.562,45.442108,-75.529292,336
EQUESTRIAN DR @ SPUR AVE,3663,0.0286,63,8,2022/05/17 00:00:00+00,355168.0303,5016017.066,45.282305,-75.857967,337
VIA AMALFI ST @ VIA VERONA AVE W,597,0.0604,56,7,2022/05/17 00:00:00+00,363872.6521,5014632.599,45.26917,-75.747184,338
BREN-MAUR RD @ WOODROFFE AVE,1360,0.0289,14,8,2022/05/17 00:00:00+00,366524.7036,5014368.417,45.266565,-75.713423,339
RIVERSIDE DR @ PLEASANT PARK RD,36090,0.0272,75,46,2022/05/17 00:00:00+00,369561.251,5028415.014,45.39268,-75.672893,340
LIARD ST @ SUNRAY CRES,889,0.0295,18,16,2022/05/17 00:00:00+00,351387.5947,5012796.415,45.253585,-75.906455,341
SOMERSET ST @ RUSSELL AVE,1389,0.0613,994,649,2022/05/18 00:00:00+00,369256.7118,5031856.575,45.423674,-75.676332,342
HEMLOCK RD @ ST. LAURENT BLVD,18652,0.0329,406,259,2022/06/02 00:00:00+00,371145.7089,5034781.598,45.449815,-75.651802,343
AVIATION PKWY @ MONTREAL RD,35891,0.0293,638,232,2022/06/02 00:00:00+00,372146.7166,5034108.583,45.443664,-75.639098,344
UPLANDS DR @ GIBFORD DR,7865,0.0633,16,33,2022/05/12 00:00:00+00,370236.5132,5022934.474,45.343305,-75.664996,345
DOWNPATRICK RD @ UPLANDS DR,7758,0.0644,23,40,2022/05/12 00:00:00+00,370292.7337,5022804.512,45.34213,-75.664296,346
FALLOWFIELD RD @ RICHMOND RD,20104,0.0129,0,13,2022/06/04 00:00:00+00,357721.6356,5013529.416,45.259733,-75.825684,347
EAGLESON RD @ PERTH ST/RICHMOND RD,13761,0.0112,4,16,2022/06/04 00:00:00+00,358015.6305,5007410.345,45.20465,-75.822593,348
EAGLESON RD @ PERTH ST/RICHMOND RD,14851,0.0479,0,4,2022/06/01 00:00:00+00,358015.6305,5007410.345,45.20465,-75.822593,349
FALLOWFIELD RD @ RICHMOND RD,20877,0.0549,0,2,2022/06/01 00:00:00+00,357721.6356,5013529.416,45.259733,-75.825684,350
EAGLESON RD @ FALLOWFIELD RD,16192,0.0448,0,0,2022/06/09 00:00:00+00,355961.6341,5012594.406,45.251449,-75.848204,351
MCKINLEY DR @ TERRY FOX DR,7827,0.0276,122,127,2022/06/15 00:00:00+00,349987.6075,5023474.516,45.349761,-75.923317,352
EAGLESON RD @ FALLOWFIELD RD,16442,0.0116,0,9,2022/06/11 00:00:00+00,355961.6341,5012594.406,45.251449,-75.848204,353
BAY ST @ GLADSTONE AVE,7524,0.0407,822,385,2022/06/08 00:00:00+00,367462.7107,5030288.564,45.409728,-75.699454,354
GILMOUR ST @ LYON ST,5549,0.0216,696,185,2022/06/08 00:00:00+00,367453.7118,5030573.572,45.412293,-75.699533,355
ALTHA AVE @ LEVIS AVE,578,0.0208,79,3,2022/01/11 00:00:00+00,370687.7045,5033210.586,45.435723,-75.657867,356
LAURIER AVE @ WALLER ST/TRANSITWAY,9134,0.0728,603,18,2022/01/11 00:00:00+00,368454.2729,5031858.951,45.423769,-75.686585,357
HAZELDEAN RD @ WEST RIDGE DR,10734,0.0211,18,2,2022/01/11 00:00:00+00,348492.575,5013885.42,45.26357,-75.943241,358
BRIGATINE AVE @ HUNTMAR DR,11036,0.0178,43,1,2022/01/11 00:00:00+00,350651.0189,5016352.762,45.285634,-75.91551,359
CHAPEL ST @ LAURIER AVE,6552,0.0339,507,10,2022/01/11 00:00:00+00,369118.7092,5032264.585,45.427358,-75.678042,360
CHARLOTTE ST @ STEWART ST,6699,0.0347,280,5,2022/01/11 00:00:00+00,369374.704,5032657.583,45.43087,-75.67472,361
635 E OF HUNTMAR DR/IBER RD @ HAZELDEAN RD,21860,0.0321,14,0,2022/01/11 00:00:00+00,351410.32,5016506.602,45.286969,-75.905817,362
HAZELDEAN RD @ JOHNWOODS ST/VICTOR ST,19821,0.0301,27,2,2022/01/11 00:00:00+00,350186.59,5015396.446,45.277059,-75.921518,363
250 W OF STITTSVILLE MAIN ST @ HAZELDEAN RD,10502,0.0422,20,2,2022/01/11 00:00:00+00,349335.75,5014747.45,45.271274,-75.93242,364
BARRIE AVE @ KENILWORTH ST,452,0.0442,84,1,2022/01/11 00:00:00+00,365815.6946,5028756.546,45.396089,-75.720683,365
PRINCE OF WALES DR @ RIDEAU HEIGHTS DR/WELLSME,19409,0.0406,6,0,2022/01/11 00:00:00+00,367388.0964,5022362.009,45.338414,-75.701412,366
SHERWAY DR @ CONWAY ST,1634,0.0797,74,1,2022/01/11 00:00:00+00,363059.6838,5015281.435,45.275076,-75.757468,367
MOODIE DR @ RICHMOND RD N,9743,0.0432,46,0,2022/01/12 00:00:00+00,357393.6495,5019689.471,45.315186,-75.82921,368
TERRY FOX DR @ HALKIRK AVE/WINCHESTER DR,21022,0.025,57,6,2022/01/12 00:00:00+00,352511.8929,5016870.007,45.290165,-75.89174,369
EAGLESON RD @ MICHAEL COWPLAND DR/STONEHAVEN D,30471,0.0262,242,3,2022/01/12 00:00:00+00,354382.626,5016623.444,45.287817,-75.867917,370
HAZELDEAN RD @ 246 E OF CASTLEFRANK RD/FARMBOY,20392,0.0245,104,0,2022/01/12 00:00:00+00,352859.1176,5017840.893,45.298877,-75.88722,371
CASTLEFRANK RD @ HAZELDEAN RD,25196,0.0246,151,2,2022/01/12 00:00:00+00,352677.8781,5017676.769,45.297413,-75.889546,372
HAZELDEAN RD @ TERRY FOX DR,41158,0.0337,116,5,2022/01/12 00:00:00+00,352207.611,5017242.451,45.293537,-75.895584,373
CHAPEL ST @ DALY AVE,1620,0.0775,493,8,2022/01/19 00:00:00+00,368971.7077,5032505.598,45.42954,-75.679889,374
DOVERCOURT AVE @ GOLDEN AVE,2652,0.0742,356,3,2022/01/19 00:00:00+00,363200.6888,5027246.54,45.382725,-75.754259,375
MOODIE DR @ RICHMOND RD S,9630,0.0565,39,0,2022/01/19 00:00:00+00,357433.6456,5019540.476,45.313843,-75.828715,376
TERRY FOX DR @ 135 S OF HAZELDEAN RD/SOBEY'S S,22604,0.0309,83,2,2022/01/19 00:00:00+00,352292.2135,5017139.577,45.292605,-75.894515,377
HAZELDEAN RD @ SPRINGBROOK DR,20847,0.0507,39,0,2022/01/19 00:00:00+00,349870.5886,5015110.439,45.274506,-75.925571,378
STITTSVILLE MAIN ST @ HAZELDEAN RD,22774,0.0517,81,0,2022/01/19 00:00:00+00,349558.3981,5014878.717,45.272441,-75.929571,379
HAZELDEAN RD @ SOBEYS SC/195 W OF CARP RD,9882,0.0409,14,0,2022/01/19 00:00:00+00,348697.483,5014201.339,45.2664,-75.940602,380
300 S OF WATTERS RD @ TRIM RD,11958,0.0531,35,0,2022/01/19 00:00:00+00,385227.9246,5038518.402,45.481957,-75.471183,381
BELCOURT BLVD @ LOWES SC/210 S OF INNES RD,2820,0.0374,26,2,2022/01/19 00:00:00+00,382208.9013,5035069.235,45.451265,-75.510339,382
INNES RD @ VISENEAU DR,22955,0.0476,78,1,2022/01/19 00:00:00+00,381798.7511,5035073.556,45.45135,-75.515581,383
BRIAN COBURN BLVD @ PAGE RD,8639,0.0339,74,0,2022/01/19 00:00:00+00,381470.81,5033199.085,45.434521,-75.520065,384
125 N OF BRIAN COBURN BLVD/P&R @ NAVAN RD,14802,0.0795,13,0,2022/01/19 00:00:00+00,381056.4953,5032960.22,45.432417,-75.525397,385
252 E OF NAVAN RD/P&R @ BRIAN COBURN BLVD,8748,0.0427,5,0,2022/01/19 00:00:00+00,381347.4645,5033085.755,45.433514,-75.521659,386
BANK ST @ 73 N OF EVANS BLVD,20275,0.0331,67,3,2022/01/20 00:00:00+00,369884.7203,5027115.538,45.380957,-75.668934,387
BANK ST @ RANDALL AVE,21232,0.032,394,4,2022/01/20 00:00:00+00,369739.7252,5027282.544,45.382474,-75.670763,388
FROBISHER LANE W @ RIVERSIDE DR,26039,0.0297,18,2,2022/01/20 00:00:00+00,370118.7151,5029601.226,45.403301,-75.665617,389
RIVERSIDE DR @ PLEASANT PARK RD,32168,0.0302,27,0,2022/01/20 00:00:00+00,369561.251,5028415.014,45.39268,-75.672893,390
RIVERSIDE DR @ RIVERSIDE HOSPITAL,31236,0.0318,13,0,2022/01/20 00:00:00+00,369715.2039,5028627.381,45.394576,-75.670899,391
RIVERSIDE DR @ TRANSITWAY - RIVERSIDE H,28713,0.0306,8,0,2022/01/20 00:00:00+00,369770.3719,5028800.71,45.396131,-75.670172,392
BANK ST @ BILLINGS TRANSIT,21177,0.0512,491,7,2022/01/20 00:00:00+00,369445.0915,5027741.228,45.386628,-75.674465,393
BANK ST @ BELANGER AVE/LAMIRA ST,24984,0.0397,356,9,2022/01/20 00:00:00+00,369653.7199,5027427.548,45.383786,-75.671842,394
HERON RD @ BAYCREST DR,19950,0.0545,83,1,2022/01/20 00:00:00+00,371143.7293,5026979.545,45.379616,-75.652878,395
HALIFAX DR @ WALKLEY RD,26396,0.0625,111,0,2022/01/20 00:00:00+00,373643.737,5027899.543,45.387652,-75.620831,396
BANTON ST @ WALKLEY RD,20424,0.1151,18,0,2022/01/20 00:00:00+00,374247.7367,5028249.537,45.390742,-75.61307,397
WALKLEY RD @ DON REID DR/RYDER ST,31406,0.0683,46,5,2022/01/20 00:00:00+00,372601.7269,5027284.544,45.38222,-75.634221,398
HERON RD @ BRIAR HILL DR/SANDALWOOD DR,16865,0.0486,65,0,2022/01/20 00:00:00+00,371452.7278,5027012.538,45.379883,-75.648928,399
HERON RD @ JEFFERSON ST,18229,0.0495,123,0,2022/01/20 00:00:00+00,371808.7253,5027052.542,45.380209,-75.644378,400
DONALD ST @ 48 E  PAUL EMILE LAMARCHE,7508,0.0313,156,6,2022/02/01 00:00:00+00,371408.8838,5032394.476,45.428312,-75.648761,401
OGILVIE RD @ ELMRIDGE DR/JASMINE CRES N,14739,0.0384,411,1,2022/02/01 00:00:00+00,375420.7301,5034060.578,45.442909,-75.597258,402
ST. LAURENT BLVD @ WALKLEY RD,32630,0.0587,156,2,2022/02/01 00:00:00+00,373902.7501,5028046.855,45.388952,-75.617503,403
DE LA FAMILLE-LAPORTE AVE @ OLD MONTREAL RD,7584,0.1104,5,1,2022/02/01 00:00:00+00,385476.0032,5039900.616,45.494364,-75.467783,404
APPLEFORD ST @ OGILVIE RD,15626,0.038,579,2,2022/02/01 00:00:00+00,375316.7271,5033687.582,45.439563,-75.598641,405
BEAVERPOND DR @ BLAIR RD,14494,0.0465,33,0,2022/02/01 00:00:00+00,375399.7299,5031874.567,45.423243,-75.59784,406
DECOEUR DR/SOUTHFIELD WAY @ TENTH LINE RD,15457,0.0336,104,1,2022/02/01 00:00:00+00,384551.52,5034726.58,45.447919,-75.480449,407
BASELINE RD @ GUTHRIE ST,14805,0.0349,111,3,2022/02/03 00:00:00+00,360242.6766,5022371.5,45.3391,-75.792575,408
GREENBANK RD @ LISA AVE,22765,0.0298,236,1,2022/02/03 00:00:00+00,360554.6751,5022893.492,45.343772,-75.788535,409
BASELINE RD @ SANDCASTLE DR,14544,0.0414,105,0,2022/02/03 00:00:00+00,359629.669,5021987.493,45.335693,-75.800439,410
MORRISON DR @ BASELINE RD,14850,0.0375,73,7,2022/02/03 00:00:00+00,360099.6672,5022309.494,45.338554,-75.794406,411
BLAIR RD @ INNES RD,47392,0.0446,52,1,2022/02/01 00:00:00+00,375578.7349,5031439.555,45.419311,-75.595615,412
BASELINE RD @ MONTEREY DR,14568,0.0399,97,0,2022/02/03 00:00:00+00,359793.6711,5022155.499,45.337192,-75.798328,413
CEDARVIEW RD @ 217 S  OF FALLOWFIELD RD/CEDARV,6369,0.044,132,1,2022/02/02 00:00:00+00,361381.83,5015465.69,45.276871,-75.778829,414
STRANDHERD DR @ 210 W OF WOODROFFE AVE,27952,0.0257,94,2,2022/02/02 00:00:00+00,365924.3431,5015321.475,45.275193,-75.720955,415
FALLOWFIELD RD @ VIA PARK PL/275 W OF WOODROFFE AVE,20036,0.0493,152,9,2022/02/02 00:00:00+00,364847.2373,5017766.021,45.297281,-75.734386,416
AMBERWOOD CRES @ MERIVALE RD,11292,0.0443,70,2,2022/02/02 00:00:00+00,366409.7055,5020016.482,45.317396,-75.714186,417
MARKETPLACE AVE @ TRANSITWAY SOUTHWEST,4760,0.1308,774,2,2022/02/02 00:00:00+00,364203.8081,5014711.89,45.269855,-75.742955,418
HAZELDEAN RD @ CARBROOKE ST/IRWIN GATE,20683,0.0324,117,4,2022/02/03 00:00:00+00,353417.6215,5018265.463,45.302659,-75.880057,419
LIMEBANK RD/RIVERSIDE DR @ RIVER RD,21268,0.0273,6,5,2022/02/02 00:00:00+00,368403.997,5020477.312,45.321364,-75.688693,420
LEITRIM RD @ LIMEBANK RD N,22086,0.0427,14,2,2022/02/02 00:00:00+00,369355.7164,5017877.466,45.297884,-75.676893,421
PRINCE OF WALES DR @ FALLOWFIELD RD,21835,0.023,3,0,2022/02/02 00:00:00+00,367399.71,5019166.47,45.30966,-75.701668,422
300 S OF AMBERWOOD CRES @ PRINCE OF WALES DR,21592,0.0234,29,0,2022/02/02 00:00:00+00,367493.4216,5020373.873,45.320515,-75.70032,423
TERRY FOX DR @ EDGEWATER ST/WALTER BAKER PL,27114,0.0504,28,1,2022/02/03 00:00:00+00,351777.6082,5017613.45,45.296904,-75.90103,424
MAPLE GROVE RD @ TERRY FOX DR,29776,0.0521,26,0,2022/02/03 00:00:00+00,351553.6086,5017864.465,45.299178,-75.903863,425
KATIMAVIK RD @ WHITNEY DR,5371,0.0417,219,2,2022/02/08 00:00:00+00,352357.6218,5019380.461,45.312765,-75.893466,426
OLD CARP RD @ SECOND LINE RD,3263,0.0441,10,1,2022/02/08 00:00:00+00,347766.5992,5023537.502,45.350467,-75.951655,427
BASELINE RD @ GREENBANK RD,46939,0.0262,360,12,2022/02/08 00:00:00+00,360597.6843,5022584.5,45.340989,-75.788022,428
MARCH RD @ MORGAN'S GRANT WAY/SHIRLEY'S BROOK ,22169,0.0323,118,2,2022/02/08 00:00:00+00,349661.6092,5023617.51,45.351068,-75.927464,429
MARCH RD @ SOLANDT RD,28092,0.0355,28,1,2022/02/08 00:00:00+00,350489.6085,5022710.502,45.342854,-75.916981,430
RENAUD RD @ MER BLEUE RD,9461,0.0618,7,1,2022/02/15 00:00:00+00,383448.7696,5033734.537,45.439118,-75.494703,431
BROADVIEW AVE @ AVONDALE AVE,3019,0,1764,7,2022/02/08 00:00:00+00,362917.6889,5027281.544,45.383064,-75.757868,432
GRENON AVE @ RICHMOND RD,13624,0.0408,172,2,2022/02/09 00:00:00+00,359806.6705,5024033.51,45.354089,-75.797953,433
BASELINE RD @ 180 E OF CEDARVIEW RD,14843,0.0374,38,3,2022/02/10 00:00:00+00,359144.5948,5021689.317,45.333048,-75.80666,434
GREENBANK RD @ BELLMAN DR/BATEMAN DR,22596,0.0252,556,2,2022/02/10 00:00:00+00,361256.6755,5021017.489,45.326836,-75.779792,435
GREENBANK RD @ 207 S OF BELLMAN DR/GREENBANK S,24021,0.0216,145,1,2022/02/10 00:00:00+00,361337.6796,5020827.48,45.32512,-75.778781,436
PRINCE OF WALES DR @ 187 N OF HOG'S BACK RD/CH,12236,0.0527,467,4,2022/02/08 00:00:00+00,367286.19,5025856.89,45.369869,-75.70227,437
MEADOWLANDS DR @ TIVERTON DR,11876,0.0296,391,4,2022/02/08 00:00:00+00,365204.929,5024343.973,45.356439,-75.729023,438
DEER PARK RD @ MEADOWLANDS DR,10654,0.0335,173,1,2022/02/08 00:00:00+00,365978.9321,5024860.7,45.361021,-75.719081,439
CENTREPOINTE DR @ TALLWOOD DR,8148,0.0255,139,0,2022/02/08 00:00:00+00,362670.693,5022576.5,45.340749,-75.761573,440
CENTREPOINTE DR @ 50 S OF MARBLE ARCH/REC PATH,2972,0.0411,320,7,2022/02/08 00:00:00+00,361885.4828,5022441.797,45.339601,-75.771607,441
CENTREPOINTE DR @ REC PATH BEN FRANKLIN PL,7287,0.02,274,5,2022/02/08 00:00:00+00,362422.32,5023031.93,45.344867,-75.764689,442
CARLINGWOOD SC/118 N OF CARLING AVE @ IROQUOIS RD,3489,0.0308,182,1,2022/02/09 00:00:00+00,362208.983,5026144.048,45.372887,-75.76705,443
NORICE ST @ WOODROFFE AVE,32046,0.0402,49,1,2022/02/15 00:00:00+00,363194.684,5022397.492,45.339095,-75.754909,444
GREENBANK RD @ HARRISON ST/ASHGROVE CRES,24991,0.0241,281,4,2022/02/10 00:00:00+00,360839.6817,5022007.495,45.335777,-75.784999,445
GREENBANK RD @ CANFIELD RD/CRAIG HENRY DR,24212,0.0249,604,7,2022/02/10 00:00:00+00,361106.6798,5021364.492,45.32997,-75.781666,446
BASELINE RD @ JOHN SUTHERLAND DR/VALLEY STREAM,16564,0.0413,147,2,2022/02/10 00:00:00+00,359310.6671,5021789.491,45.333936,-75.80453,447
HOLLAND AVE @ SHERWOOD DR,9363,0.0733,94,4,2022/02/15 00:00:00+00,365149.7006,5028648.556,45.395175,-75.729202,448
CARLING AVE @ SHERWOOD DR,17396,0.052,280,17,2022/02/15 00:00:00+00,366485.7056,5028717.552,45.39568,-75.712131,449
FISHER AVE @ DEER PARK RD/DYNES RD,17538,0.0326,229,4,2022/02/08 00:00:00+00,366407.7095,5025455.527,45.366335,-75.713535,450
CLAYMOR AVE @ DYNES RD,2705,0.0222,327,0,2022/02/08 00:00:00+00,366743.713,5025670.528,45.36824,-75.709219,451
MCCARTHY RD @ PLANTE DR N,7600,0.0319,92,4,2022/02/15 00:00:00+00,369605.7147,5024193.506,45.354692,-75.672879,452
MCCARTHY RD @ PAUL ANKA DR,7569,0.0471,178,1,2022/02/15 00:00:00+00,369699.7208,5023876.505,45.351831,-75.671721,453
CARLING AVE @ KEMPSTER AVE/FAMOUS PLAYERS THEA,15644,0.0217,407,9,2022/02/09 00:00:00+00,359210.6717,5024119.508,45.35491,-75.80555,454
WALKLEY RD @ SPRINGLAND DR/OTTERSON DR,14723,0.027,118,0,2022/02/15 00:00:00+00,368721.7176,5024982.512,45.361872,-75.684059,455
TRIM RD @ TRIM RD,9677,0.0559,93,3,2022/02/15 00:00:00+00,386221.42,5038049.59,45.477624,-75.458554,456
FISHER AVE @ VIEWMOUNT DR,16030,0.0287,21,4,2022/02/15 00:00:00+00,366918.7093,5024209.507,45.355079,-75.707168,457
PRINCE OF WALES DR @ NORMANDY CRES S/KOCHAR DR,16349,0.0511,77,5,2022/02/15 00:00:00+00,367446.709,5024562.521,45.358208,-75.700385,458
PRINCE OF WALES DR @ FALAISE RD/KOCHAR DR N,16872,0.0479,121,4,2022/02/15 00:00:00+00,367460.7064,5024904.514,45.361284,-75.700163,459
FISHER AVE @ PRINCE OF WALES DR,26703,0.0395,2,1,2022/02/15 00:00:00+00,367161.7048,5023942.511,45.352655,-75.704101,460
CRAIG HENRY DR @ KNOXDALE RD,8882,0.0336,34,1,2022/02/16 00:00:00+00,363116.6879,5021655.491,45.332425,-75.755991,461
BASELINE RD @ CENTREPOINTE DR W/COBDEN RD,29838,0.0226,130,11,2022/02/16 00:00:00+00,361633.6814,5023207.51,45.346511,-75.774732,462
KNOXDALE RD @ SKIPTON RD,4498,0.0409,235,5,2022/02/16 00:00:00+00,362126.6751,5021087.486,45.327395,-75.768687,463
BASELINE RD @ NAVAHO DR,30126,0.0248,790,5,2022/02/16 00:00:00+00,363085.6907,5024097.506,45.3544,-75.756099,464
NAVAHO DR @ WOODROFFE AVE/TRANSITWAY N BASELIN,31218,0.0289,848,8,2022/02/16 00:00:00+00,362706.2419,5023492.801,45.348991,-75.761012,465
BANNER RD @ GREENBANK RD,28448,0.0231,460,6,2022/02/16 00:00:00+00,361021.6726,5021566.492,45.331795,-75.782728,466
ENTERPRISE AVE @ MERIVALE RD,22122,0.0641,72,0,2022/02/15 00:00:00+00,365829.7002,5021418.488,45.330061,-75.721411,467
WEST HUNT CLUB RD @ 354 E OF WOODROFFE AVE/REC,31811,0.0481,30,0,2022/02/15 00:00:00+00,363982.687,5021424.489,45.330274,-75.744971,468
225 E OF RIVERSIDE DR / T & T SC @ HUNT CLUB RD,33089,0.0463,45,3,2022/02/15 00:00:00+00,368235.7,5022055.98,45.335584,-75.690637,469
CARLING AVE @ SCRIVENS ST,15992,0.0255,385,10,2022/02/09 00:00:00+00,359423.668,5024258.512,45.356144,-75.802816,470
CARLING AVE @ CROYDON AVE,23979,0.0374,285,2,2022/02/09 00:00:00+00,360658.6806,5025042.518,45.363101,-75.786966,471
CARLING AVE @ GRENON AVE,16282,0.0264,597,5,2022/02/09 00:00:00+00,359593.6659,5024350.511,45.356958,-75.800636,472
MAJESTIC DR @ WOODROFFE AVE,27772,0.0431,74,3,2022/02/16 00:00:00+00,363527.6934,5021571.492,45.331634,-75.750758,473
LONGFIELDS DR @ VIA MODUGNO PL,9210,0.0142,421,3,2022/02/16 00:00:00+00,364072.33,5016337.099,45.28449,-75.744436,474
