Geo_ID,Midblock,Year,All_Motorized_Vehicles_AADT_24_,X,Y,Lat,Long,FID
__3Z0BKQ,PRESTONE DR btwn RIVER RIDGE CRES & RIVER RIDGE CRES (__3Z0BKQ),2023,2176,382665.7471,5038256.0849,45.4798870786129,-75.5039942261071,1
__3Z0BF5,RAMSAYVILLE RD btwn LEITRIM RD & PIPERVILLE RD (__3Z0BF5),2023,4725,379160.013100859,5022827.18529629,45.341448291548,-75.5511573510558,2
__3Z0CHT,PARKWAY RD btwn GOOD ST & KESWICK DR (__3Z0CHT),2023,3275,378237.76545,5013897.9419,45.2612061194093,-75.5642473146037,3
__3Z09JE,TENTH LINE RD btwn WALL RD & NAVAN RD (__3Z09JE),2023,4845,385455.742921417,5032570.22194728,45.4284157214017,-75.4692455551563,4
__3Z00FS,OAKLAND AVE btwn WILTON LANE & MONK ST (__3Z00FS),2023,257,368450.623792766,5028986.88542893,45.3979275356449,-75.687001307379,5
__3Z0AD6,FRANK KENNY RD btwn MCFADDEN RD & RUSSELL RD (__3Z0AD6),2023,5351,391840.24916324,5028058.74573753,45.3870520762713,-75.3884588747775,6
__4CZRM2,WATERBRIDGE DR btwn CRESTWAY DR & OLDFIELD ST (__4CZRM2),2023,865,366561.034959118,5016112.95145453,45.2822589638958,-75.7127438482098,7
__3Z09XI,CHURCHILL AVE btwn IRENE CRES & CURRELL AVE (__3Z09XI),2023,9084,363684.584342315,5027245.66916452,45.382677525082,-75.748080977346,8
__3Z06ET,MAIN ST btwn TORONTO ST & RIDEAU RIVER DR (__3Z06ET),2023,14047,369530.598584342,5029301.59202472,45.4006545564916,-75.6731647787499,9
__3Z0GCG,MALCOLM PL btwn NORICE ST & FIELDROW ST (__3Z0GCG),2023,852,364265.6951,5022997.0045,45.3443989362335,-75.7411721128264,10
__3Z0E3F,KILBORN AVE btwn MCQUAIG ST & OLD LILAC LANE (__3Z0E3F),2023,4055,370139.22,5027722.543,45.3863953708485,-75.6656041691705,11
__3Z08JV,COLONEL BY DR btwn UNIVERSITY RD & BRONSON AVE SB ON RAMP 43 (__3Z08JV),2023,9119,367495.121438568,5027672.00070287,45.3863329571299,-75.6994185071661,12
__3Z0GLP,HINTON AVE btwn ARMSTRONG ST & WELLINGTON ST (__3Z0GLP),2023,639,364972.697,5029266.55905,45.400751008106,-75.7313872455613,13
__3Z094T,DUNROBIN RD btwn KINBURN SIDE RD & VANCES SIDE RD (__3Z094T),2023,2707,339063.574990614,5034776.25019842,45.4519838011941,-76.0618162552299,14
__3Z0GR9,CENTREPOINTE DR btwn PINETRAIL CRES & KENTSDALE DR (__3Z0GR9),2023,3697,362660.30795,5022459.9385,45.3397007105028,-75.7617191622998,15
__3Z0EDN,SECOND AVE btwn PERCY ST & LYON ST (__3Z0EDN),2023,932,367969.20845,5029428.0585,45.4019401574193,-75.6930944826391,16
__3Z0EGV,CLEGG ST btwn DRUMMOND ST & GLENORA ST (__3Z0EGV),2023,3119,369171.026,5029856.48755,45.4056855507924,-75.6776884735261,17
__3Z0GIP,LANARK AVE btwn BEECHGROVE AVE & CHURCHILL AVE (__3Z0GIP),2023,1020,363076.06237068,5028870.22712697,45.3973456681442,-75.7556572861304,18
__3Z06M3,PIETY HILL WAY btwn SARA CRT & NARBONNE CRT (__3Z06M3),2023,190,357703.687667464,5013972.32272716,45.2637538308712,-75.825871213701,19
__3Z0F6U,WOODWARD AVE btwn KENZIE ST & MERIVALE RD (__3Z0F6U),2023,345,364737.368941415,5027000.7574473,45.3803864441855,-75.7346623269801,20
__3Z0F4J,BROADVIEW AVE btwn TILLBURY AVE & WELLESLEY AVE (__3Z0F4J),2023,4260,363106.1901,5026817.037,45.3788685200537,-75.7555163377737,21
__33D5WA,GOLFLINKS DR btwn BENTGRASS GR & BRACEWOOD WAY (__33D5WA),2023,2029,365711.4985,5013374.45905,45.257691965982,-75.7239064552875,22
__3Z0EVJ,HOLMWOOD AVE btwn GORDON ST & TORRINGTON PL (__3Z0EVJ),2023,1180,367872.209,5028833.554,45.3965997396436,-75.6944094433455,23
__3ZAIFZ,OLD COLONY RD btwn COURTNEY RD & ROTHESAY DR (__3ZAIFZ),2023,570,353709.238947626,5016917.90248093,45.2903299897011,-75.8763324918221,24
__3Z0CLA,RENAUD RD btwn SADDLERIDGE DR & PAGE RD (__3Z0CLA),2023,8659,381603.64995,5032605.84795,45.4291685067546,-75.5184601971821,25
__3Z08IA,COLONEL BY DR btwn ROSEDALE AVE & ECHO DR (__3Z08IA),2023,10468,368397.106360508,5028742.64122879,45.3957740987929,-75.6876031727894,26
__3Z0C9D,TAWNEY RD btwn BALHARRIE AVE & MAYWOOD ST (__3Z0C9D),2023,838,373736.23395,5028907.5152,45.3967124337541,-75.6195092926907,27
__3Z0C8B,TAWNEY RD btwn DWIGHT CRES & DWIGHT CRES (__3Z0C8B),2023,443,373934.916274274,5028799.59073259,45.395711406175,-75.6169813369284,28
__3Z07HA,BLOOMINGTON ST btwn ST. BERNARD ST & VICTORIA HEIGHTS CRES (__3Z07HA),2023,87,373251.707512229,5023800.11329898,45.3508110038221,-75.626408213686,29
__3Z0G5N,POPLAR ST btwn ROCHESTER ST & BOOTH ST (__3Z0G5N),2023,435,366624.3954,5030033.62095,45.4075089106395,-75.7101951731363,30
__3Z0BA7,AMIENS ST btwn MARIETTE ST & QUEENSWOOD CRES (__3Z0BA7),2023,2841,382534.749,5037409.5789,45.4722855636453,-75.5058035592028,31
__3Z0G5X,INVERNESS AVE btwn GOODWIN AVE & NORMANDY CRES (__3Z0G5X),2023,940,366483.223526338,5024633.96568564,45.3589373364014,-75.7126712841037,32
__3Z0C78,JOLIFFE ST btwn TUPPER AVE & MELFORT ST (__3Z0C78),2023,323,374213.184825201,5028614.03549811,45.3940259122623,-75.6134563508391,33
__3ZAH7F,TOMPKINS ST btwn SHELDON AVE & TOBIN AVE (__3ZAH7F),2023,235,361172.1789,5023160.5041,45.3461255322619,-75.780625905612,34
__3ZAH1V,LOCKHART AVE btwn PRINCE CHARLES RD & NEEPAWA AVE (__3ZAH1V),2023,661,361833.6841,5026485.03345,45.3759859297898,-75.7718013624614,35
__3ZAI6C,KAKULU RD btwn VANSTONE DR & BARROW CRES (__3ZAI6C),2023,2482,352890.54524684,5019077.85122677,45.3100350164421,-75.8866294883139,36
__3Z0B6Y,FORTUNE DR btwn STE. THERESE LANE & ST. DUNSTANS PL (__3Z0B6Y),2023,1662,379875.574559978,5037403.70489155,45.4724817311574,-75.5398576773236,37
__3Z0A6S,QUEEN VICTORIA ST btwn CRICHTON ST & AVON LANE (__3Z0A6S),2023,268,368327.2019,5033819.0989,45.4414168385752,-75.6879558355499,38
__3Z09R5,RIVERSIDE DR btwn BAYPORT PRIV & MOONEY'S BAY PL (__3Z09R5),2023,26925,368338.317660924,5025381.93111997,45.3655041284523,-75.6889018956183,39
__3Z0F6I,SHILLINGTON AVE btwn PANET ST & SILVER ST (__3Z0F6I),2023,2606,365005.9626,5026906.56605,45.3795134065201,-75.7312502891346,40
__3Z0D7B,BESSERER ST btwn CUMBERLAND ST & KING EDWARD AVE (__3Z0D7B),2023,1877,368484.24339288,5032298.94452142,45.4277254631579,-75.6861436048836,41
__54PK4I,SHORELINE DR btwn WILD SHORE CRES & SUGAR MAPLE DR (__54PK4I),2023,520,367868.166151817,5015205.43877067,45.2740010300665,-75.6961831715694,42
__3Z07MP,BAYVIEW DR btwn RITCHIE AVE & SPINNAKER WAY (__3Z07MP),2023,566,335780.674363775,5040028.92367418,45.4994945700807,-76.103579109383,43
__3Z08J0,QUEEN ELIZABETH DRWY EB btwn TORRINGTON PL & QUEEN ELIZABETH DRWY SPLIT (__3Z08J0),2023,7394,367869.090811423,5028570.32989623,45.3942315652574,-75.6944808192776,44
__3Z0EMG,RIVIERA DR btwn APPLE TREE LANE & CHELSEA DR (__3Z0EMG),2023,303,371499.417212129,5034490.79881228,45.4471645226815,-75.647321759493,45
__3Z0D2H,MORIN ST btwn ST. LAURENT BLVD & COTE ST (__3Z0D2H),2023,589,371588.467291158,5033475.00928607,45.4381187197125,-75.6463777291269,46
__3ZAH03,FOXFIELD DR btwn FALK AVE & HENFIELD AVE (__3ZAH03),2023,2669,363511.055616114,5016280.17765933,45.2840232037338,-75.7516023888211,47
__3ZAH9O,COBDEN RD btwn BADGER CRES & BADGER CRES (__3ZAH9O),2023,2337,361491.57375,5023561.43625,45.3497073610851,-75.7765044246267,48
__3Z07MK,FOXVIEW PL btwn BRUNEL ST & MONTREAL RD (__3Z07MK),2023,263,372826.456366435,5034626.82822334,45.4483464840173,-75.6303892135456,49
__3Z07AA,GEORGE-ETIENNE CARTIER PKWY btwn AVIATION PKWY RAMPS & BIRCH AVE EXT/GEORGE-ETIENNE CARTIER PKWY  RAMP (__3Z07AA),2023,10584,370757.759950531,5035875.63967588,45.4596778523502,-75.6567690848134,50
__8XJQEH,GEORGE-ETIENNE CARTIER PKWY btwn ACACIA AVE & HILLSDALE RD (__8XJQEH),2023,11124,369046.801756246,5035499.50307219,45.4564688770683,-75.6784599711895,51
__3ATF8M,DEN HAAG DR btwn BOREALIS CRES & DES PIONNIERS PRIV (__3ATF8M),2023,1890,372820.976350266,5033704.41930509,45.4399625861234,-75.6305350207168,52
__8JUUWZ,GEORGE-ETIENNE CARTIER PKWY btwn HILLSDALE RD & BIRCH AVE EXT/GEORGE-ETIENNE PKWY (__8JUUWZ),2023,10584,369771.682881547,5035610.96816222,45.4574077262848,-75.6692534595142,53
__3Z0E7R,LISGAR ST btwn ELGIN ST & CARTIER ST (__3Z0E7R),2023,1352,368153.706,5031393.0759,45.4196040849049,-75.6904854622597,54
__3Z00FT,WILTON CRES btwn OAKLAND AVE & MONK ST (__3Z00FT),2023,554,368459.133037249,5028902.08069913,45.3971635450317,-75.6869077862701,55
e___2HQ9,QUEEN ELIZABETH DRWY btwn FIFTH AVE & PRINCESS PATRICIA WAY (e___2HQ9),2023,7746,368897.592155361,5029535.19203232,45.4028049407576,-75.6812106162694,56
__3Z0EH3,CORONATION AVE btwn CHOMLEY CRES & WEYBURN ST (__3Z0EH3),2023,2491,371775.565600445,5030402.27141269,45.4103531484597,-75.6443538292795,57
__3Z0AWO,HOLITMAN DR btwn THARE CRES & FOXFIELD DR (__3Z0AWO),2023,744,363814.1879,5017006.45155,45.2905343944071,-75.7476468807178,58
__3Z07FJ,STEEPLE CHASE DR btwn CLYDESDALE AVE & SPRINGWATER DR (__3Z07FJ),2023,3407,354943.719271186,5017543.81205696,45.2960570095057,-75.8606726902919,59
__3Z08GF,LAURIER AVE btwn BLACKBURN AVE & GOULBURN AVE (__3Z08GF),2023,5680,369221.314,5032326.871,45.4279085370683,-75.6767231797251,60
__3Z0D6D,CRICHTON ST btwn UNION ST & QUEEN VICTORIA ST (__3Z0D6D),2023,2010,368248.7015,5033820.5989,45.4414374608647,-75.6889589865498,61
__3Z08QL,BANK ST btwn MASON ST & MEADOW DR (__3Z08QL),2023,10771,378105.986157882,5015080.08628551,45.2718177783571,-75.5657331232824,62
__3Z0DQQ,LOLA ST btwn COLUMBUS AVE & GLYNN AVE (__3Z0DQQ),2023,3140,371110.7159,5032226.0789,45.4268250790298,-75.6525936233652,63
__3Z0GV1,IROQUOIS RD btwn CARLING AVE & LENESTER AVE (__3Z0GV1),2023,752,362257.116240831,5025861.04409531,45.3703222841131,-75.7664609139931,64
__3Z0D5M,MACKAY ST btwn IVY CRES & VAUGHAN ST (__3Z0D5M),2023,3380,369028.7045,5033647.5959,45.4398096245116,-75.6790120977499,65
__37ZO6N,CALAVERAS AVE btwn PLUMAS GT & PALMADEO DR (__37ZO6N),2023,526,364922.82143957,5015834.37118865,45.2798968245055,-75.7336495614791,66
__3ZAH7L,MORRISON DR btwn CONSUL AVE & HICKSON CRES (__3ZAH7L),2023,1548,359861.527831295,5022904.22244352,45.3439103848565,-75.7973749898592,67
__3Z00NR,KNOXDALE RD btwn SKIPTON RD & CREMONA CRES (__3Z00NR),2023,4385,362230.183,5021147.48655,45.3279266531005,-75.7673592614349,68
__3Z0DPX,QUEEN MARY ST btwn ISIDORE ST & BERNARD ST (__3Z0DPX),2023,1708,371795.2185,5032117.57645,45.4257835849598,-75.643861873025,69
__3Z0897,MAIN ST btwn ELLIOT AVE & CENTENNIAL BLVD (__3Z0897),2023,16100,369465.230814503,5029452.84327184,45.402026150919,-75.6739831812472,70
__3Z0CCX,NASKAPI DR btwn LUDGATE CRT & MARQUIS AVE (__3Z0CCX),2023,1319,375013.7241,5034750.59045,45.4491582794475,-75.6023616838638,71
__3Z0AE3,FAUBERT ST btwn SPARKLE ST & OLD MONTREAL RD (__3Z0AE3),2023,1208,390296.2789,5042571.57645,45.5178199853642,-75.405654819951,72
__3Z0GXP,SHERBOURNE RD btwn COURTENAY AVE & WINDERMERE AVE (__3Z0GXP),2023,2464,362543.431483547,5026621.31906029,45.3771488623903,-75.762744717112,73
__3ZAHCV,RIDGEFIELD CRES btwn ELMSLEY CRES & CHERRYWOOD DR (__3ZAHCV),2023,908,358243.778484057,5019989.80977799,45.317831191122,-75.8183372940755,74
__3Z05Z9,ASHPARK CRES btwn ASHPARK CRES & END (__3Z05Z9),2023,129,372335.647318402,5024952.00442887,45.3612628453985,-75.6379403969809,75
__3Z05GN,FALCONCREST CRT btwn ROSSIGNOL CRES & END (__3Z05GN),2023,95,383134.068312133,5039403.28832108,45.4900972409418,-75.4978047869697,76
__3Z0FVS,LEDBURY AVE btwn BANFF AVE & END (__3Z0FVS),2023,301,370924.948944009,5025434.81187547,45.3657424751043,-75.6558650390618,77
__3Z0EC4,CLAREY AVE btwn BANK ST & END (__3Z0EC4),2023,261,368553.261352611,5029322.73828169,45.4009378043645,-75.6856526841542,78
__3ZAH64,ROCKWAY CRES btwn ROCKWAY CRES & END (__3ZAH64),2023,464,361284.856797242,5022697.39179896,45.3417359689828,-75.7790669788216,79
e___2LNW,ZINNIA WAY btwn HYDRANGEA AVE & NUMA WAY (e___2LNW),2023,160,368065.818685946,5013270.68771355,45.2565552786459,-75.6938741828625,80
__3ZAIO6,REGINA ST btwn LINCOLN HEIGHTS RD & ASSALY RD (__3ZAIO6),2023,551,360586.007091799,5025525.37621843,45.367441682263,-75.7878567608578,81
__3Z00VU,BLOHM DR btwn JOHNSTON RD & SAI CRES (__3Z00VU),2023,3242,374679.365981536,5026518.15037186,45.3751287646363,-75.6077713489744,82
__3Z08JN,GEORGE-ETIENNE CARTIER PKWY btwn GL/OO BOUNDARY & ST. JOSEPH BLVD (__3Z08JN),2023,5566,376452.559535553,5036762.85899807,45.4662116851928,-75.5866799377606,83
__3ZAHOI,AERO DR btwn FAIRFIELD ST & INKSTER ST (__3ZAHOI),2023,380,358153.911808022,5023010.97703103,45.3449961098119,-75.8193253483285,84
__3Z08TC,BEARBROOK RD btwn Continuation of BEARBROOK RD & WESTPARK DR (__3Z08TC),2023,7721,377006.34523729,5034405.78241164,45.4453862255403,-75.5766808887337,85
__3ZAH4H,ASHGROVE CRES btwn LINDHURST CRES & MOORCROFT RD (__3ZAH4H),2023,743,361457.67945,5022065.99455,45.3362541658817,-75.7771082206859,86
__4V3I7S,AQUAVIEW DR btwn LAVOIE ST & SCHUBERT CIR (__4V3I7S),2023,1474,385287.141134017,5035836.22530079,45.4578150679336,-75.4708757609526,87
__3Z0EWI,MADAWASKA DR btwn DOW'S LAKE RD & BRONSON AVE (__3Z0EWI),2023,612,367480.876141029,5028998.18239191,45.3981298226529,-75.6994352947482,88
__3Z0085,RIDEAU TERR btwn NOEL ST & DURHAM PRIV (__3Z0085),2023,900,368995.896110706,5034113.12929717,45.4440013385179,-75.6793708356942,89
__3Z0AJ3,KNUDSON DR btwn SHERK CRES & MORENZ TERR (__3Z0AJ3),2023,2451,351585.423396426,5020039.22754473,45.3187440782634,-75.9032505049239,90
__3Z0EW4,FOURTH AVE btwn BRONSON AVE & CHRYSLER ST (__3Z0EW4),2023,733,367674.195081599,5029064.68207539,45.3986983283441,-75.6969059924845,91
__3Z0GR6,CENTREPOINTE DR btwn MAPLE VIEW CRES & PINETRAIL CRES (__3Z0GR6),2023,3168,362609.184268516,5022331.1318945,45.3385407944578,-75.7623952244312,92
__3Z00U5,ASHPARK CRES btwn ASHPARK CRES & CAHILL DR S/ROSEGARDEN CRES (__3Z00U5),2023,250,372362.087099696,5024842.27399221,45.3602342911207,-75.6376982055728,93
__3Z0C1K,MARCHAND ST btwn PARISIEN ST & KENASTON ST (__3Z0C1K),2023,843,373171.72545,5031320.56695,45.4184792997894,-75.6263840233821,94
__3Z0EFT,PERCY ST btwn GLENDALE AVE & RENFREW AVE (__3Z0EFT),2023,807,367604.2071,5029748.5619,45.4048568043422,-75.6977156465045,95
__3Z07N5,WINCANTON DR btwn LAWLER CRES & LAWLER CRES (__3Z07N5),2023,131,382889.372450523,5039380.44740655,45.489978016661,-75.5009588989641,96
__3Z0AIW,CENTREPOINTE DR btwn PALISADE ST & DALECROFT CRES (__3Z0AIW),2023,2632,362194.432923854,5022257.59951857,45.3379169239352,-75.7676811701964,97
__3EX1OY,SCOUT ST btwn JENSCOTT PRIV & NIKI WAY (__3EX1OY),2023,418,364409.673249971,5025244.44582273,45.3646080632481,-75.7390659726463,98
__3Z0AKL,CHARLEMAGNE BLVD btwn ORCHARDVIEW AVE & BOTTRIELL WAY (__3Z0AKL),2023,6179,384294.886486709,5037102.99772272,45.4693011617466,-75.483439195428,99
__3Z08UP,JEANNE D'ARC BLVD btwn WOODCLIFFE PRIV & HENRI LAUZON ST (__3Z08UP),2023,17907,380332.915385986,5036199.25106268,45.461637469452,-75.5341446661665,100
__51MDZT,VALIN ST btwn WINSOME TERR & PROVENCE AVE (__51MDZT),2023,3633,385963.465878836,5037390.38475189,45.4717169924523,-75.4619356400429,101
__3Z0EKZ,MACKAY ST btwn THOMAS ST & CHARLES ST (__3Z0EKZ),2023,1615,368064.7,5034030.1015,45.4433391648682,-75.6912838372955,102
__3Z08XX,WALKLEY RD btwn HARDING RD & HALIFAX DR (__3Z08XX),2023,26742,373397.668355361,5027748.02333499,45.3863120398628,-75.6239968797572,103
__8OJCMX,CAMBRIAN RD btwn REGATTA AVE & GREENBANK RD (__8OJCMX),2023,11668,364552.2171,5012729.1247,45.2519846412888,-75.7387535102889,104
__3Z09CP,KIRKWOOD AVE btwn IONA ST & CLARE ST (__3Z09CP),2023,8542,364031.536932842,5028055.68861099,45.3899355463439,-75.74355309119,105
__3Z05XX,CENTRAL PARK DR btwn STATEN WAY & CEDAR PARK ST (__3Z05XX),2023,1541,364518.407319377,5025622.48386025,45.3680267056665,-75.7376124079801,106
__3Z0ERG,BELMONT AVE btwn WILLARD ST & FAIRBAIRN ST (__3Z0ERG),2023,1058,368910.214,5028486.0499,45.3933787367684,-75.6811980199854,107
__3Z08XA,MARCH RD btwn KLONDIKE RD & MORGAN'S GRANT WAY (__3Z08XA),2023,16566,349545.161463384,5023747.34325963,45.3522424636873,-75.928936549779,108
__3ZAHXZ,JOCKVALE RD btwn WEYBRIDGE DR & TARTAN DR (__3ZAHXZ),2023,11385,362925.882378851,5014966.58873837,45.2722586182675,-75.7592257612604,109
__3Z089D,MAIN ST btwn MASON TERR & RIVERDALE AVE (__3Z089D),2023,13388,369410.518034057,5029588.61301187,45.4032552494213,-75.674665552701,110
__3Z0EDV,RIVERDALE AVE btwn GLENVIEW AVE & MAIN ST (__3Z0EDV),2023,4768,369370.878341679,5029478.60857815,45.4022979595515,-75.675153088918,111
__3Z061K,MELFORT ST btwn JOLIFFE ST & HOWLAND AVE (__3Z061K),2023,310,374340.931760716,5028593.84280888,45.3938958303722,-75.6118811545536,112
__3ZAJXU,OLD SECOND LINE RD btwn THOMAS A. DOLAN PKWY & MURPHY SIDE RD (__3ZAJXU),2023,986,342527.527576661,5028954.60178836,45.3994214251319,-76.0179736020649,113
__68NB4A,RENAUD RD btwn PERCIFOR WAY & SADDLERIDGE DR (__68NB4A),2023,7018,381276.832783795,5032403.18193373,45.4273814481354,-75.5226663871202,114
__3ZAHFR,MCCLELLAN RD btwn RIVERBROOK RD & CAMWOOD CRES (__3ZAHFR),2023,2680,360772.425703982,5020849.78016978,45.3253653166135,-75.7859866295975,115
__3Z0C6L,FOLEY AVE btwn DAKOTA AVE & ST. LAURENT BLVD (__3Z0C6L),2023,783,373772.7368101,5028176.79940142,45.3901312930388,-75.6191562611325,116
__4CZRVF,CRESTWAY DR btwn WATERBRIDGE DR & OLDFIELD ST (__4CZRVF),2023,3461,366556.815317827,5016263.87658068,45.283670933093,-75.7127142089836,117
__3Z0DAA,PLAYFAIR DR btwn BEATTIE AVE & DELMAR DR (__3Z0DAA),2023,713,371944.22655,5028243.0449,45.3909079266155,-75.6424855906402,118
__3Z07N0,LAWLER CRES btwn WINCANTON DR & WINCANTON DR (__3Z07N0),2023,123,382908.71136208,5039294.21818664,45.4892005587121,-75.5007170385234,119
__3Z0BAF,MERKLEY DR btwn WILKIE DR W & APOLLO WAY (__3Z0BAF),2023,2323,384020.201562985,5037588.5928559,45.473746712563,-75.4867227990581,120
__3Z08ZH,HAWTHORNE AVE btwn COLONEL BY DR & MAIN ST (__3Z08ZH),2023,8983,368869.494636837,5030581.12939958,45.4122344531178,-75.6814427949558,121
__3Z0DXU,BIRCH AVE btwn POND ST & FARNHAM CRES (__3Z0DXU),2023,1130,370262.552378263,5035092.24566087,45.4527070711117,-75.6630429886236,122
__3Z09NL,BAYVIEW RD btwn O'MEARA ST & ARMSTRONG ST (__3Z09NL),2023,4447,365651.48245,5030024.07505,45.407508282221,-75.722624128623,123
__3Z0FG7,REID AVE btwn ORRIN AVE & KENILWORTH ST (__3Z0FG7),2023,318,365722.159312101,5028755.45971065,45.3960817037689,-75.7218741995889,124
__3Z0FN8,VAN VLIET RD btwn BRANDYWINE CRT & HEENAN TERR (__3Z0FN8),2023,548,369399.200955011,5010045.91304749,45.2274298120315,-75.6773705937886,125
__3Z08UB,ANDERSON RD btwn PIPERVILLE RD & THUNDER RD (__3Z08UB),2023,2486,381667.273011302,5022039.38389026,45.3340947494868,-75.519293973237,126
__3Z0FRR,PLANTE DR btwn AVOCADO ST & MINA LANE (__3Z0FRR),2023,496,370348.674782716,5024454.47128957,45.3570118658778,-75.6634406040794,127
__3Z0EAI,ALTA VISTA DR btwn AYERS AVE & RIDGEMONT AVE (__3Z0EAI),2023,7188,370527.452066033,5026519.09963761,45.3754676595818,-75.6608241716784,128
__3Z0AIT,CENTREPOINTE DR btwn DALECROFT CRES & ARBORDALE CRES (__3Z0AIT),2023,2966,362487.381897863,5022270.84549893,45.338013118034,-75.7639486268724,129
__49MBX6,VALIN ST btwn JERSEY ST & LIBERTY WAY (__49MBX6),2023,4496,385603.5915,5037593.0734,45.4735881329309,-75.4665304206569,130
__6XCRDH,ALBION RD btwn ALADDIN LANE & MAPLE KEY PRIV (__6XCRDH),2023,6281,372605.760370865,5022541.90881422,45.3395475951038,-75.6348203300047,131
__8IAYQ6,ROB LYTLE'S LANE btwn COUNTRY MEADOW DR & MARCH RD (__8IAYQ6),2023,265,338974.064409846,5019099.09412589,45.3110133127931,-76.0641706176555,132
__3ZAIVK,PIETY HILL WAY btwn DANBY CRT & GOODFELLOW CRT (__3ZAIVK),2023,194,358001.1449,5013932.9189,45.2633423762466,-75.8220794153187,133
__3Z0DZD,LACASSE AVE btwn LEVIS AVE & PATTON ST (__3Z0DZD),2023,832,370755.195668611,5033266.62198937,45.4362310047282,-75.6570039454934,134
__3Z0EL8,LISGAR RD btwn PRINCESS AVE & MAPLE LANE (__3Z0EL8),2023,2117,368758.717762023,5034284.12296634,45.4455713783645,-75.6823897285063,135
__67PTM7,WHITE ALDER AVE btwn WIDGEON WAY & FLAT SEDGE CRES (__67PTM7),2023,885,375200.487178946,5020639.01168052,45.322169743177,-75.6019864721624,136
__3Z0G9X,FARLANE BLVD btwn ELEANOR DR & WALLFORD WAY (__3Z0G9X),2023,1128,365562.7015,5025191.52355,45.3640337147503,-75.7243531174484,137
__3Z0GA5,DYNES RD btwn ARNOT RD & CLAYMOR AVE (__3Z0GA5),2023,2278,366671.136,5025623.0271,45.3678193326832,-75.7101510437363,138
__3Z0G9T,CLINE CRES btwn WHITMORE AVE & SHERMAN DR (__3Z0G9T),2023,122,363029.629760241,5025081.36092145,45.3632618722166,-75.7566847451445,139
__45KOYD,APPLEFORD ST btwn MILLGREEN CRES & MILLGREEN CRES (__45KOYD),2023,1276,374840.473814439,5033769.57304794,45.4403490484465,-75.6047159214355,140
__3ZAIKZ,SEVERN AVE btwn ARKELL ST & CONNAUGHT AVE (__3ZAIKZ),2023,569,360991.1785,5024356.01455,45.3568972085355,-75.7827996207314,141
__3ZAHLO,SAVILLE ROW btwn BLACK FRIARS RD & SHERBOURNE RD (__3ZAHLO),2023,2554,362110.244135852,5026666.61475307,45.3776569526494,-75.7681693635712,142
__3Z00OT,DWYER HILL RD btwn PADEN RD & DONNELLY DR (__3Z00OT),2023,1111,359511.651680095,4983446.12494982,44.9888974407882,-75.8061697008988,143
__3Z08DV,HUNT CLUB RD btwn LORRY GREENBERG DR & PIKE ST (__3Z08DV),2023,24507,373064.503481333,5024939.67770502,45.3610757182854,-75.628640436292,144
__3Z0DHR,BOLTON ST btwn PARENT AVE & DALHOUSIE ST (__3Z0DHR),2023,667,367668.2015,5032960.59155,45.4337518613224,-75.6964883918002,145
__3ZAH7K,BRIAN CRES btwn NANAIMO DR & BEAUMARIS DR (__3ZAH7K),2023,789,359714.67045,5022842.00055,45.343375258239,-75.7992593335827,146
__3Z0C74,JOLIFFE ST btwn AUDREY AVE & TAWNEY RD (__3Z0C74),2023,564,373953.2351,5028493.0441,45.39296181927,-75.6167960642595,147
__3Z00OW,MOODIE DR btwn HWY417 IC134 RAMP53 & TIMM DR (__3Z00OW),2023,14098,356647.089291411,5021480.10899164,45.3313432819424,-75.8385369844523,148
__3Z0EJH,GRANVILLE ST btwn BOUDREAU ST & GRANDMAITRE ST (__3Z0EJH),2023,594,370757.370894299,5033975.0684195,45.4425950068087,-75.6568743293374,149
__3ZAHN4,CENTREPOINTE DR btwn HEMMINGWOOD WAY & NORWICH WAY (__3ZAHN4),2023,3989,361712.6819,5022956.00245,45.3442417880936,-75.7737525465767,150
__3Z0A9D,DEERLANE AVE btwn BRISBANE RD & GREENSIDE AVE (__3Z0A9D),2023,59,366992.20845,5021068.98955,45.3268145372823,-75.7066252663987,151
__3Z0GM7,BROADVIEW AVE btwn PRINCETON AVE & AVONDALE AVE (__3Z0GM7),2023,2562,362884.689,5027363.04205,45.3837997999465,-75.7582801000183,152
__3Z0DMS,NORTH RIVER RD btwn GLYNN AVE & OLGA ST (__3Z0DMS),2023,1231,370039.2121,5032027.5789,45.4251398170286,-75.6663115442179,153
__3Z0DGD,CENTENNIAL BLVD btwn BULLOCK AVE & RIDEAU GARDEN DR (__3Z0DGD),2023,543,369698.4611,5029544.1811,45.4028268256275,-75.6709925316162,154
__3ZAINI,BRITANNIA RD btwn CONN ST & PRISCILLA ST (__3ZAINI),2023,1680,360058.2902,5025004.95535,45.3628105117062,-75.7946331624733,155
__3Z093L,DUNROBIN RD btwn PORCUPINE TRL & THOMAS A. DOLAN PKWY (__3Z093L),2023,6422,342139.741588799,5031673.52441973,45.4239908770878,-76.0228352623049,156
__4QG7RS,WOODLAND AVE btwn LAWN AVE & HALLDON PL (__4QG7RS),2023,647,361530.601684781,5025827.25537064,45.3700908818211,-75.7757457305975,157
__3Z0BGT,THUNDER RD btwn RAMSAYVILLE RD & ANDERSON RD (__3Z0BGT),2023,889,381157.474546565,5020580.50449461,45.3210223186992,-75.5260184680345,158
__3Z05Z0,ASHPARK CRES btwn CAHILL DR N & ASHPARK CRES (__3Z05Z0),2023,218,372277.773100263,5024896.58107874,45.3607737203151,-75.6386650511213,159
__3Z064S,PIERRETTE DR btwn LOCKWOOD LANE & ERNSIDE CRES E (__3Z064S),2023,161,392269.729394919,5042427.15929428,45.5162863899181,-75.3804323969527,160
__5DXO02,PARKWAY (THE) btwn OAKES WD & CALLAGHAN PRIV (__5DXO02),2023,1679,352003.041346793,5020564.87796314,45.3235578035889,-75.8977080809493,161
__3Z0F6H,LAROSE AVE btwn KIRKWOOD AVE & MERIVALE RD (__3Z0F6H),2023,243,364745.7883575,5026912.26153784,45.3795934586923,-75.7345562997866,162
__3Z0BNV,PRESTWICK DR btwn SUMMERLANDS CRES & SUMMERLANDS CRES (__3Z0BNV),2023,3245,383587.001970749,5036294.13780136,45.4620928088825,-75.492533799499,163
__3Z0BAB,AMIENS ST btwn ST. GEORGES ST & PRESTONE DR (__3Z0BAB),2023,2286,382775.40156706,5037511.70558858,45.4731831066962,-75.5026914991728,164
__3ZAIN5,POULIN AVE btwn DON ST & CONN ST (__3ZAIN5),2023,3503,360214.1751,5025156.0215,45.3641574942003,-75.7926265183671,165
__3ZAJ3P,CONSTANCE BAY RD btwn BAIRD ST & WOODS RD (__3ZAJ3P),2023,1972,338015.834323267,5038448.44244021,45.4851709155619,-76.0750850108255,166
__3Z0EX5,OSSINGTON AVE btwn GROSVENOR AVE & BANK ST (__3Z0EX5),2023,984,368794.847963642,5028259.96023045,45.3913527389579,-75.6827061860964,167
__308IY4,ESPRIT DR btwn CHARDONNAY DR & AQUAVIEW DR (__308IY4),2023,3106,384913.822704104,5035912.15208652,45.4585284902554,-75.4756199741538,168
__6NDGV5,MARAVISTA DR btwn FOSTERBROOK WAY & CEDARVIEW RD (__6NDGV5),2023,3198,361596.652906701,5014766.20000969,45.2705596367523,-75.7761704566083,169
__3Z0D5Z,ST. CHARLES ST btwn BARRETTE ST & LAVAL ST (__3Z0D5Z),2023,692,369498.206,5033703.5955,45.4402701966514,-75.6730040743401,170
__3Z0EC0,THIRD AVE btwn PERCY ST & LYON ST (__3Z0EC0),2023,1086,368009.70845,5029358.0585,45.401306662971,-75.6925861705934,171
__3Z0B68,EDGAR-BRAULT ST btwn ST. JOSEPH BLVD & RIDGEGATE ST (__3Z0B68),2023,964,381557.603958833,5037490.87272422,45.4731490998924,-75.5182411769539,172
__39TDB3,QUEEN ELIZABETH DRWY btwn LAURIER AVE EB OFF RAMP & SOMERSET ST (__39TDB3),2023,2760,368408.544243026,5031566.29536528,45.4211223721259,-75.6871655228736,173
__3Z0CRF,HALIFAX DR btwn BINGHAM ST & DAKOTA AVE (__3Z0CRF),2023,4051,373435.789951775,5028023.7132426,45.3887903268813,-75.6234704294856,174
__3ZAJ0L,WOODKILTON RD btwn KILMAURS SIDE RD & KINBURN SIDE RD (__3ZAJ0L),2023,524,335907.158928296,5036137.95099238,45.4644667288829,-76.1021943877841,175
__3Z0BD2,CHAMPNEUF DR btwn CEDAR MILLS RD & WESTPORT CRES (__3Z0BD2),2023,422,381307.521962303,5036451.54021574,45.4638400821565,-75.521506848422,176
__3Z0GL6,CLEARVIEW AVE btwn LATCHFORD RD & REMIC AVE (__3Z0GL6),2023,1409,363524.50849591,5029233.92042393,45.4005694911507,-75.7499072235596,177
__3Z09N9,BOOTH ST btwn ELM ST & SPRUCE ST (__3Z09N9),2023,3852,366545.6665,5030362.53785,45.4104753663695,-75.7111596438585,178
__3Z00SU,SEYTON DR btwn WESTCLIFFE RD & FLORIZEL AVE (__3Z00SU),2023,1419,356771.317710464,5019713.83662304,45.3154061040885,-75.8370463032172,179
__3Z0GC3,GLENRIDGE RD btwn SPRING GARDEN AVE & WOLMSLEY CRES (__3Z0GC3),2023,748,364843.320516555,5022952.53028241,45.3439808695779,-75.7338482261787,180
__3Z09ZE,MARCH RD btwn SOLANDT RD & STATION RD (__3Z09ZE),2023,26920,350697.494957843,5022477.50780774,45.3407399937118,-75.9143461547472,181
__3Z09ZF,MARCH RD btwn TERRY FOX DR & SOLANDT RD (__3Z09ZF),2023,21785,350177.473690932,5023051.64711804,45.3459388406565,-75.9209272399016,182
__4RPCLF,SCALA AVE btwn LICHEN AVE & ST. BRUNO ST (__4RPCLF),2023,1495,385129.2319,5036361.27205,45.4625602976124,-75.4727977805767,183
__3Z0G0H,CAMEO DR btwn GREYROCK CRES & CASTLE HILL CRES (__3Z0G0H),2023,571,364105.7975,5025265.97355,45.3648283815142,-75.7429401684231,184
__3Z08JZ,QUEEN ELIZABETH DRWY btwn CRESCENT HTS & LAKESIDE AVE (__3Z08JZ),2023,6892,367411.7071,5028767.05345,45.3960427154324,-75.7002990771626,185
__3Z0AGO,QUEENSBURY DR btwn GRENADIER WAY & DOULTON GT (__3Z0AGO),2023,2626,365461.124801186,5016226.62343188,45.2833772733308,-75.7267473033589,186
__3Z00AY,WALDEN DR btwn BURGER GT & SLADE CRES (__3Z00AY),2023,1417,350451.444994147,5021127.82699796,45.3285891419397,-75.9176730308371,187
__3Z0CSQ,MAXIME ST btwn EUGENE ST & MEADOWBROOK RD (__3Z0CSQ),2023,416,374438.925768327,5032228.48253344,45.4265217376306,-75.6100652225853,188
__3Z0G97,AGINCOURT RD btwn ALBANY DR & MAITLAND AVE (__3Z0G97),2023,1321,363328.474440622,5025304.84894293,45.3653539704825,-75.7527737478613,189
__3ZAHHP,CORDOVA ST btwn LOTTA AVE & DE LA COTE-DES-NEIGES RD (__3ZAHHP),2023,1840,363821.397,5024039.77945,45.3538192404067,-75.7467167491531,190
__3Z0D1D,DESCHAMPS AVE btwn EMOND ST & HANNAH ST (__3Z0D1D),2023,2583,370128.209,5033315.92605,45.4367235263687,-75.6650034541823,191
__3Z05YO,STONEHAVEN DR btwn GRASSY PLAINS DR & SUMMITVIEW DR (__3Z05YO),2023,8995,356368.16012476,5015865.89315284,45.2808401638264,-75.8425952526973,192
__3Z0ECX,FOURTH AVE btwn PERCY ST & LYON ST (__3Z0ECX),2023,1089,368052.701500516,5029288.23354625,45.4006734526738,-75.6920486800293,193
__3Z0E4H,KILBORN AVE btwn OLD LILAC LANE & CROCUS AVE (__3Z0E4H),2023,3836,370228.469,5027734.11285,45.3864911409812,-75.6644630282033,194
__3Z0566,PARKWAY RD btwn ERBMILL LANE & MILES CRES (__3Z0566),2023,1125,382461.568714145,5016465.12849861,45.2838494654583,-75.5100362832224,195
__3Z0GIQ,FAIRMONT AVE btwn HEREFORD PL & WOODSTOCK ST (__3Z0GIQ),2023,1820,365925.2011,5028920.5555,45.3975552365915,-75.7192644874087,196
__3Z0GW7,CLYDE AVE btwn DOHENY ST & DOBBIE ST (__3Z0GW7),2023,8085,363620.896144856,5026628.46081847,45.3771249201693,-75.7489651591287,197
__3Z05BK,JOHN QUINN RD btwn PARKWAY RD & IVESON DR (__3Z05BK),2023,2333,381617.229329467,5015290.61138213,45.2733776558269,-75.5209778247861,198
__3ZAIUR,CRAIG HENRY DR btwn MARKHAM AVE & CONOVER ST (__3ZAIUR),2023,3137,361828.770802043,5021629.21613145,45.332290162593,-75.772412217121,199
__3Z0ADH,SAND RD btwn RUSSELL RD & DEVINE RD (__3Z0ADH),2023,194,391759.489710435,5024328.01271962,45.3530510932012,-75.3899193685237,200
__3Z0GWS,TRENTON AVE btwn PRINCE ST & SILVER ST (__3Z0GWS),2023,618,365168.37905,5026531.3551,45.3761233510191,-75.729222505037,201
__589XKP,MEANDERING BROOK DR btwn EMERALD POND PRIV & STEDMAN ST (__589XKP),2023,577,373105.38414531,5022910.68845141,45.3428591773177,-75.6284224454459,202
__8JUTDG,REGATTA AVE btwn BRAMBLING WAY & EGRET WAY (__8JUTDG),2023,280,364719.3811,5012394.53,45.24895973226,-75.7366643648018,203
__3ZAIJ8,NEVILLE ST btwn CLARENDA ST & KELLY AVE (__3ZAIJ8),2023,1041,360479.673638777,5024124.18366598,45.3548533597209,-75.7893547331837,204
__3Z08KK,QUEEN ELIZABETH DRWY btwn MONKLAND AVE & LINDEN TERR (__3Z08KK),2023,8302,368807.229395394,5030229.90810799,45.4090950270657,-75.6822922054127,205
__3Z080Q,BANK ST btwn PATTERSON AVE & POWELL AVE (__3Z080Q),2023,12836,368166.360461178,5029965.46601413,45.4067590105818,-75.6905080376623,206
__3Z074U,BASELINE RD btwn MCWATTERS RD & ROCKWAY CRES (__3Z074U),2023,23361,360984.05424288,5022812.48350562,45.3430092340802,-75.7830657159497,207
__3Z0EJS,JOHN ST btwn THOMAS ST & CHARLES ST (__3Z0EJS),2023,1041,368001.20055,5033883.6,45.4420267424751,-75.6921142879884,208
__3Z07O3,PORTOBELLO BLVD btwn GARDENWAY DR & NESTING WAY (__3Z07O3),2023,7272,385449.84818029,5037208.63267904,45.4701320535983,-75.4685380813497,209
__3Z0GJ0,ADELINE ST btwn NORFOLK AVE & ROCHESTER ST (__3Z0GJ0),2023,944,366894.8563,5029102.3384,45.3991055447814,-75.7068576424883,210
__3Z0GIC,TYNDALL ST btwn HINTON AVE & HAMILTON AVE (__3Z0GIC),2023,2922,365149.6981,5028965.0559,45.3980229135528,-75.7291634218308,211
__3Z0GTT,ARGUE DR btwn SEYMOUR AVE & LEONA AVE (__3Z0GTT),2023,296,366202.332983287,5024025.56924796,45.3534855180502,-75.7163370178826,212
__3Z0ANL,GARDENWAY DR btwn NORTHLANDS DR & SATURN CRES (__3Z0ANL),2023,2089,385034.043146853,5037044.11808644,45.4687175284086,-75.4738944906824,213
__3Z0FB6,ANDERSON ST btwn ROCHESTER ST & BOOTH ST (__3Z0FB6),2023,144,366593.315732464,5030099.83058296,45.4081063397365,-75.7105874485581,214
__3Z0FIX,HAZEL ST btwn DRUMMOND ST & GLENORA ST (__3Z0FIX),2023,465,369056.2121,5030129.5641,45.408153149097,-75.6791194299811,215
__3Z0DP4,LOLA ST btwn GLYNN AVE & KING GEORGE ST (__3Z0DP4),2023,3302,371118.7159,5032150.5785,45.4261450007762,-75.6525015660022,216
__3Z00PX,ROBERTSON RD btwn HAANEL DR & MILL HILL RD (__3Z00PX),2023,16244,355617.614563228,5019577.65169606,45.3143091173673,-75.8518760876608,217
__3Z0D39,MONTFORT ST btwn PARK ST & BRADLEY AVE (__3Z0D39),2023,1516,370411.7101,5033556.5925,45.4388623942294,-75.6613481781415,218
__3Z0ECL,PAUL ANKA DR btwn SAMPLE RD & SAMPLE RD (__3Z0ECL),2023,1834,369520.2211,5023191.0075,45.345679398426,-75.6741016651655,219
__3Z08F3,CHARLOTTE ST btwn WILBROD ST & LAURIER AVE (__3Z08F3),2023,7385,369448.608766841,5032539.02718738,45.429799779225,-75.6737937455246,220
__3Z09L3,GLADSTONE AVE btwn BREEZEHILL AVE & LORETTA AVE (__3Z09L3),2023,5424,366148.177327172,5029544.47707333,45.4031497075357,-75.7163388605571,221
__3Z0BAE,AMIENS ST btwn PRESTONE DR & PRESTWICK DR (__3Z0BAE),2023,2291,382981.25155,5037500.57755,45.4730544435944,-75.5000793673387,222
__3Z0C2V,NASKAPI DR btwn BEACONWOOD DR & BEACONWOOD DR (__3Z0C2V),2023,2143,375442.226,5034659.58845,45.4482963207118,-75.5968973064624,223
__3ZAHJ9,CRAIG HENRY DR btwn BERTONA ST & SOVEREIGN AVE (__3ZAHJ9),2023,3564,362795.995437569,5021953.52733575,45.3351107710165,-75.7601032929926,224
__3ZAH8U,RYAN DR btwn TOMPKINS ST & SODERLIND ST (__3ZAH8U),2023,940,361178.960244874,5023310.27081998,45.3474773914261,-75.7805099229771,225
__3Z0GBE,VIEWMOUNT DR btwn FIELDROW ST & DONLAND AVE (__3Z0GBE),2023,3263,363945.1929,5022730.5015,45.3420280661732,-75.7452934709703,226
__3Z0B8Q,MERKLEY DR btwn MATHIEU WAY & CARRIGAN DR (__3Z0B8Q),2023,2701,384532.911057658,5037715.49253936,45.4748072421123,-75.4802206981565,227
__3Z0GZB,BAYSWATER AVE btwn LAUREL ST & GLADSTONE AVE (__3Z0GZB),2023,3495,365954.7787,5029584.70845,45.4035285377553,-75.7188043929398,228
__3Z0GZA,LEBRETON ST btwn DANIEL MCCANN ST & PLYMOUTH ST (__3Z0GZA),2023,910,367031.7049,5029511.56,45.4027754596632,-75.705058201336,229
__3Z0DL0,COLONEL BY DR btwn DALY AVE/MACKENZIE AVE & MAIN ST (__3Z0DL0),2023,11165,368683.984784186,5031525.5789309,45.4210127608016,-75.6842002595063,230
__3Z08J5,QUEEN ELIZABETH DRWY btwn DELAWARE AVE & FRANK ST (__3Z08J5),2023,4171,368840.55537029,5031114.01295253,45.4170276644837,-75.681748551599,231
__6REWPD,DUNSTON TERR btwn RYWALK CIR & HUNT CLUB RD (__6REWPD),2023,365,372192.301620824,5024482.55945374,45.3570437006252,-75.6398276364295,232
__3Z09HF,CHARLOTTE ST btwn BESSERER ST & DALY AVE (__3Z09HF),2023,7910,369314.786391775,5032758.52481535,45.431783790682,-75.6754722295489,233
__3Z0D5R,MARIER AVE btwn STE. MONIQUE ST & DES PERES BLANCS AVE (__3Z0D5R),2023,3378,369993.7079,5033705.59455,45.4402421505804,-75.6666707996852,234
__5WHGXP,KENNEVALE DR btwn AMAR LANE & LAMPLIGHTERS DR (__5WHGXP),2023,2865,361760.5985,5014249.2285,45.2658941777555,-75.7741416835523,235
__3ZAHC8,RIDGEFIELD CRES btwn EVERGREEN DR & CHERRYWOOD DR (__3ZAHC8),2023,1559,358181.97126607,5020183.11469331,45.3195762320586,-75.8191064984838,236
__3Z0EN6,ROXBOROUGH AVE btwn ACACIA AVE & JULIANA RD (__3Z0EN6),2023,91,369536.2041,5034589.1041,45.4482341132536,-75.6724019199332,237
__3Z0D25,MARIER AVE btwn ETHEL ST & CARILLON ST (__3Z0D25),2023,2035,370315.7101,5033443.09155,45.4378501642937,-75.6625902308995,238
e___2IN3,SWEETVALLEY DR btwn BROADLEAF ST & TENTH LINE RD (e___2IN3),2023,2108,384566.112264367,5034357.78595986,45.4446300478007,-75.4802094036159,239
__3Z08JQ,GEORGE-ETIENNE CARTIER PKWY btwn LISGAR RD & ACACIA AVE (__3Z08JQ),2023,11143,368510.781386815,5035401.14700297,45.4556965653808,-75.6853357595086,240
__3Z00NL,GIBBARD AVE btwn GREENBANK RD & ATKINSON GT (__3Z00NL),2023,2315,361544.385915375,5020722.90548853,45.3241691614737,-75.7761449259588,241
__3Z0A0K,PROMENADE AVE btwn GREENSIDE AVE & BLAZER AVE (__3Z0A0K),2023,377,367227.014170881,5021259.55684052,45.3285166414898,-75.70386375555,242
__3Z0GDI,DAVID DR btwn HOWDEN AVE & SULLIVAN AVE (__3Z0GDI),2023,1206,363178.68955,5023014.50355,45.3446476897909,-75.7550398644778,243
__3ZAH4D,ASHGROVE CRES btwn CARLAW AVE & GLENBROOK WAY (__3ZAH4D),2023,252,361507.979430662,5022316.122213,45.3384782104401,-75.7763990504587,244
__3Z087N,MONTREAL RD btwn DE L'EGLISE ST & ST. LAURENT BLVD (__3Z087N),2023,15176,371351.700243531,5033725.62839583,45.4402949269658,-75.6493102207163,245
__3Z0EV9,SOUTHERN DR btwn RIVERDALE AVE & BRISTOL AVE (__3Z0EV9),2023,165,369148.316814884,5028919.88919057,45.3972573516777,-75.6781243215521,246
__3Z0GLB,SMIRLE AVE btwn SCOTT ST & SPENCER ST (__3Z0GLB),2023,289,364543.7381,5029357.96085,45.4016101598472,-75.7368549694707,247
__3Z09LT,GLADSTONE AVE btwn SPADINA AVE & BAYSWATER AVE (__3Z09LT),2023,3015,365952.886058891,5029457.49679349,45.402384075961,-75.7188443661127,248
__3Z0E6E,CARTIER ST btwn SOMERSET ST & MACLAREN ST (__3Z0E6E),2023,2214,368338.7071,5031253.57455,45.4183321260844,-75.6881398098055,249
__3Z0EB0,GILLESPIE CRES btwn WELBY CRT & BUCKINGHAM PRIV (__3Z0EB0),2023,434,368353.86345,5023034.38355,45.3443767811176,-75.689004227608,250
__3Z08FM,OSGOODE MAIN ST btwn VANCE ST & LOGAN FARM DR (__3Z08FM),2023,3232,375338.21645,5001256.32695,45.1477561640979,-75.6029785825545,251
__3Z0EQ7,AYLMER AVE btwn FULTON AVE & CARLYLE AVE (__3Z0EQ7),2023,597,368006.76205,5028327.23355,45.3920318822077,-75.6927558999615,252
__3Z0AAG,MCTEER RD btwn REGIONAL ROAD 174 & CANAAN RD (__3Z0AAG),2023,37,395337.802019426,5043288.91699094,45.5236445166384,-75.3409718835166,253
__3ZAHOM,CENTREPOINTE DR btwn CONSTELLATION DR & HEMMINGWOOD WAY (__3ZAHOM),2023,6642,362219.40104654,5023290.01949554,45.347205785427,-75.7672474321665,254
__6REWQH,MARITIME WAY btwn KANATA AVE & GREAT LAKES AVE (__6REWQH),2023,2607,351554.89205655,5019411.37476818,45.313110587969,-75.9035831393676,255
__3Z0BP2,THUNDER RD btwn FARMERS WAY & HALL RD (__3Z0BP2),2023,743,384648.245902538,5022626.02227207,45.3390353907989,-75.4811755625919,256
__3Z0FM9,EASTMAN AVE btwn GADDIS CRT & POTTER DR (__3Z0FM9),2023,1006,369147.7049,5009355.39045,45.2212228089215,-75.6806489449248,257
__3Z065J,SIMARD DR btwn CHAPEL PARK PRIV & BROUSSEAU CRES (__3Z065J),2023,466,381426.139741367,5035130.04207163,45.4519058627733,-75.5203393047435,258
__3Z0FGN,HARMER AVE btwn JAVA ST & IONA ST (__3Z0FGN),2023,527,364950.197,5028692.55345,45.3955881626687,-75.7317446152528,259
__3ZAHNT,CENTREPOINTE DR btwn SUMMERWALK PL & MARBLE ARCH CRES (__3ZAHNT),2023,2949,361833.780552407,5022530.03919368,45.3403929153117,-75.7722524069818,260
__3Z08QN,BANK ST btwn MITCH OWENS RD & MARCO ST (__3Z08QN),2023,12663,377855.2649,5015741.9551,45.2778376623458,-75.5688492740371,261
__3Z074T,RICHMOND RD btwn JOHN SUTHERLAND DR & HOLLY ACRES RD (__3Z074T),2023,20243,358926.132282984,5022447.60526141,45.3398766035429,-75.8093712745797,262
__3Z0DBF,BLASDELL AVE btwn CAMELIA AVE & WINGHAM PL (__3Z0DBF),2023,514,371090.618954975,5035222.33541183,45.4537860685836,-75.6524463355418,263
__6REWSX,MONTMORENCY WAY btwn VIENNA TERR N & SPARKMAN AVE (__6REWSX),2023,332,384710.407283716,5034723.27438204,45.4478729787518,-75.4784124630163,264
__3Z09GY,GALETTA SIDE RD btwn DARWIN ST & TYNDAL ST (__3Z09GY),2023,2512,323801.02,5031600.15455,45.4240780507876,-76.2571916152308,265
__3ZAH56,BEAUMARIS DR btwn ESQUIMAULT AVE & DRAPER PL (__3ZAH56),2023,480,359818.513292402,5022465.28274469,45.3399735372629,-75.797974076287,266
__3Z0GWE,LAPERRIERE AVE btwn CHURCHILL AVE & MCBRIDE ST (__3Z0GWE),2023,8324,364005.46514669,5026634.31643439,45.3771489876987,-75.7440568880681,267
__3Z0A9P,TENNYSON ST btwn MAYO AVE & SILVERWOOD RD (__3Z0A9P),2023,767,366790.2075,5020790.4871,45.3243264922192,-75.7092367937645,268
__3Z06RE,MANN AVE btwn SENTIER PRIV & CHAPEL ST (__3Z06RE),2023,4881,369512.49035,5031529.33365,45.420705722336,-75.67310723381,269
__3Z08HE,ROCKDALE RD btwn BUCKLAND RD & ALCIDE AVE (__3Z08HE),2023,2631,394720.068318029,5024527.92409394,45.3549329234833,-75.3523394459109,270
__6REWRB,MONTMORENCY WAY btwn SPARKMAN AVE & BRANTHAVEN ST (__6REWRB),2023,655,384781.464,5034756.0281,45.4481577081379,-75.4775051754025,271
__3Z06G1,MOUNTSHANNON DR btwn JAMES LONG CRT & ORISKA WAY (__3Z06G1),2023,3578,364602.83195,5017162.20905,45.2918692279234,-75.7375748112402,272
__6NGPQU,BANDELIER WAY btwn OVERLAND DR & STITTSVILLE MAIN ST (__6NGPQU),2023,932,349311.80645,5014986.06645,45.2734224992132,-75.9327037413388,273
__3Z088K,KING EDWARD AVE btwn MARIE CURIE PRIV & TEMPLETON ST (__3Z088K),2023,17181,369009.071032771,5031589.94900765,45.4212955489292,-75.6795293288414,274
__3Z0C1B,BLAIR RD btwn NICOL ST & MONTREAL RD (__3Z0C1B),2023,2983,373973.708749769,5034553.95454582,45.4474940616634,-75.6156843545189,275
__3Z054H,GEORGE-ETIENNE CARTIER PKWY btwn LISGAR RD & BUENA VISTA RD (__3Z054H),2023,9365,368330.198752807,5035022.91014409,45.4522785799453,-75.6877966989196,276
__4V3IBN,AQUAVIEW DR btwn SERRANO ST & LAKEPOINTE DR (__4V3IBN),2023,3191,384399.796570725,5035534.64492634,45.4551939521844,-75.4822541395097,277
__67PTNP,WHITE ALDER AVE btwn MANGROVE CRES & BULRUSH CRES (__67PTNP),2023,1166,374879.2685,5020381.063,45.3198816926014,-75.6061204519686,278
__3ZAJJX,HOBIN ST btwn BELTON AVE & KINTAIL CRT (__3ZAJJX),2023,1828,349314.27698531,5014171.11289209,45.2660708733353,-75.9327940846854,279
__3Z0ELD,MAPLE LANE btwn MINTO PL & HOWICK ST (__3Z0ELD),2023,1149,368856.2019,5034289.603,45.4456019772315,-75.6811332737951,280
__3Z09AG,FAIRLAWN AVE btwn FOX CRES & ESTERLAWN PRIV (__3Z09AG),2023,2857,361998.369448311,5025638.46724296,45.3683513337347,-75.7697969269723,281
__3Z0GSR,CENTREPOINTE DR btwn HEMMINGWOOD WAY & CONSTELLATION DR (__3Z0GSR),2023,7403,362351.555355591,5023161.85320382,45.3460434649026,-75.7655784167895,282
__3Z0EHT,BOTSFORD ST btwn SHELLEY AVE & CHADBURN AVE (__3Z0EHT),2023,588,372155.069652165,5030126.63653271,45.4078411264801,-75.6395365469499,283
__3ZAHMC,VALLEY STREAM DR btwn SHADOW CRT & SANDCASTLE DR (__3ZAHMC),2023,733,359541.720501974,5021681.26522338,45.3329436734862,-75.8015863465788,284
__3Z0EZQ,TEMPLETON ST btwn BLACKBURN AVE & GOULBURN AVE (__3Z0EZQ),2023,649,369544.711,5031800.0781,45.4231387969657,-75.6726599820737,285
__3Z0DK0,NIXON DR btwn CABIN RD & TAYLOR WAY (__3Z0DK0),2023,3362,374105.607323669,5001183.01710904,45.1472132012064,-75.6186587087186,286
__6XCEY6,CAHILL DR btwn ROSEGARDEN CRES & SOLERA CIR (__6XCEY6),2023,2103,372292.87455,5024736.3236,45.359322302807,-75.6385126783157,287
__3Z07A0,GEORGE-ETIENNE CARTIER PKWY btwn AVIATION PKWY RAMPS & POLARIS AVE (__3Z07A0),2023,5555,372218.948163219,5035727.90040552,45.4582533586479,-75.6378988651211,288
__3ZAHJB,CRAIG HENRY DR btwn ALDRIDGE WAY & JACK AARON DR (__3ZAHJB),2023,2441,362184.851802447,5021868.32964933,45.3344273064877,-75.767745624886,289
__3Z0GBB,VIEWMOUNT DR btwn GLENMANOR DR & GLENRIDGE RD (__3Z0GBB),2023,4487,364839.69755,5022753.50245,45.34215903328,-75.7338775985986,290
__3Z0EWQ,WOODLAWN AVE btwn WILTON LANE & MONK ST (__3Z0EWQ),2023,263,368384.68095,5029044.06395,45.3984474892012,-75.6878374069116,291
__3Z0EW5,RIVERDALE AVE btwn ECHO DR & GLENVIEW AVE (__3Z0EW5),2023,4904,369210.910223315,5029230.50430853,45.400069303055,-75.6772426838834,292
__3Z0C0Y,OTHELLO AVE btwn WINGATE DR & CHAPMAN BLVD (__3Z0C0Y),2023,3620,373302.453467376,5029096.38925446,45.3984364234117,-75.6250115628511,293
__3Z073I,RIDEAU RIVER DR btwn BELMONT AVE & FENTIMAN AVE (__3Z073I),2023,133,369462.495715111,5028820.53852527,45.3963405481362,-75.6741004627605,294
__3Z0C1I,STAR TOP RD btwn CYRVILLE RD & ALGOMA RD (__3Z0C1I),2023,4247,373868.351817773,5031363.30664169,45.4187831462951,-75.6174712628354,295
__3Z05VU,SEYTON DR btwn HAMMILL CRT & HAMMILL CRT (__3Z05VU),2023,1000,356839.845938764,5019932.0951518,45.3174108115435,-75.8362470093538,296
__3Z0AMC,LONGLEAF DR btwn MONTCLAIR AVE & GLADEWOODS PL (__3Z0AMC),2023,1661,380581.629415169,5033875.21005422,45.4406972061558,-75.5313240003163,297
__49PV6L,HALTON TERR btwn EDGEMOORE CRES & MUSKEGO CRES (__49PV6L),2023,1471,348457.39795,5023916.03245,45.3538306211828,-75.942805652632,298
__3ZAIFF,JOHNWOODS ST btwn JOSEPH CIR & HAZELDEAN RD (__3ZAIFF),2023,2935,350092.478542381,5015504.8097962,45.2780426075584,-75.9227099627797,299
__3Z0D5N,VAUGHAN ST btwn MACKAY ST & BERTRAND ST (__3Z0D5N),2023,576,369086.02047558,5033703.79449219,45.4403077234339,-75.678273181377,300
__3Z0AVT,BENLEA DR btwn CARDIGAN DR & BRYDON CRT (__3Z0AVT),2023,644,364282.207012327,5021659.25708908,45.3323602014611,-75.7411230155734,301
__3ZAHNZ,CENTREPOINTE DR btwn CIMARRON CRES & HYDE PARK WAY (__3ZAHNZ),2023,3439,361760.1819,5022770.00055,45.3425642953571,-75.7731678782972,302
__3Z0DJZ,ELIZABETH ST btwn JILL ST & ANNETTE ST (__3Z0DJZ),2023,544,375229.2151,5000779.8215,45.1434795013718,-75.6044317215208,303
__3Z0FCK,ECCLES ST btwn ROCHESTER ST & BOOTH ST (__3Z0FCK),2023,252,366567.7019,5030162.066,45.4086696295626,-75.7109032691867,304
__67PTOG,WHITE ALDER AVE btwn SPARTINA ST & BUFFLEHEAD WAY (__67PTOG),2023,768,374592.225659111,5020052.70960838,45.3170492488025,-75.6098479878024,305
__3Z0F47,TRENT ST btwn BAKERVALE DR & FISHER AVE (__3Z0F47),2023,1446,365748.362697636,5026905.56167541,45.3794410966561,-75.7217696423147,306
__3Z06X6,CENTRAL PARK DR btwn WHITESTONE DR & CRYSTAL PARK CRES (__3Z06X6),2023,1545,364651.619233343,5025741.19995848,45.3690568866221,-75.7359179352188,307
__3Z05B3,MANOTICK MAIN ST btwn MAHOGANY HARBOUR LANE & ANTOCHI LANE/BRIDGEPORT AVE (__3Z05B3),2023,6371,369579.403126966,5009183.53138567,45.2196369163998,-75.675175083633,308
__3Z082T,PRINCE OF WALES DR btwn RUSSVERN DR & DANBURY WAY (__3Z082T),2023,3324,366581.692959163,5000361.8634862,45.140546539363,-75.7144291161235,309
__3Z0C05,DAUPHIN RD btwn HAMLET RD & TWEED AVE (__3Z0C05),2023,3236,372286.503950442,5029096.2059802,45.39853394209,-75.6379879444077,310
__42HS1T,SCULLY WAY btwn MULDER AVE & BRASSEUR CRES (__42HS1T),2023,301,386376.87672437,5037332.3832194,45.4710677634823,-75.4566385369718,311
__3Z0563,WHITESTONE DR btwn CEDAR PARK ST & TRUMP AVE (__3Z0563),2023,455,364512.000666902,5025888.70406593,45.3704569018454,-75.7377353035731,312
__61W6SL,FRANK CAULEY WAY btwn LAKERIDGE DR & OAKCREST WAY (__61W6SL),2023,242,385285.883503161,5034423.35919876,45.4450542042488,-75.4712854497659,313
__8A9OPG,FERNSIDE ST btwn LOOSESTRIFE WAY & TEASEL WAY (__8A9OPG),2023,378,376071.267,5021234.44505,45.3274400695793,-75.5907952839996,314
__3Z0GMU,FAIRMONT AVE btwn DUHAMEL ST & GLADSTONE AVE (__3Z0GMU),2023,1060,365701.54195,5029422.92135,45.4020948946823,-75.7220589327714,315
__3Z0G60,ERINDALE DR btwn FORLAN DR & AINSLEY DR (__3Z0G60),2023,2043,363754.805130276,5024778.87619683,45.3604712835807,-75.7474762837721,316
__3Z0BNE,PRESTWICK DR btwn LAMOUREUX DR & PRAIRIES AVE (__3Z0BNE),2023,3702,383462.229552352,5036499.8443191,45.4639754086501,-75.4940714870163,317
__3ZAJBI,STONEWAY DR btwn FOREST GATE WAY & MOUNTAIN ASH DR (__3ZAJBI),2023,2339,366223.27545452,5016881.56108184,45.2892054983243,-75.716947943677,318
__3Z0DYT,COBOURG ST btwn OLD TOWN PRIV & DESJARDINS AVE (__3Z0DYT),2023,5027,368869.838794769,5033125.44208132,45.4351238991506,-75.6811066178052,319
__3Z07R5,LOCHELAND CRES btwn WITTINGHAM DR & NEW DEIGHTON CRES (__3Z07R5),2023,185,365714.451615352,5016532.00861129,45.2859932986115,-75.7234213772243,320
__67PTL8,JOSHUA ST btwn PIN ROUGE WAY & GOSSAMER ST (__67PTL8),2023,1415,381581.49605,5032228.7055,45.4257777016725,-75.518802075882,321
__3Z06QR,WILTON LANE btwn OAKLAND AVE & MONK ST (__3Z06QR),2023,14,368460.181496338,5028943.1728191,45.3975297161147,-75.6868937794582,322
__3Z09XW,BEECHWOOD AVE btwn JOLLIET AVE & CORONA AVE (__3Z09XW),2023,10688,369696.874368204,5034134.67691984,45.4441303664291,-75.6704080624779,323
__3Z0097,BRAE CRES btwn MCCUAIG DR & HENRY GOULBURN WAY (__3Z0097),2023,661,350351.018152592,5012353.78692476,45.2496351119735,-75.9196576156241,324
__3Z09YP,BRONSON AVE btwn UNIVERSITY RD & BREWER WAY (__3Z09YP),2023,25220,368018.237382669,5027930.40105721,45.3884628531098,-75.6926622482166,325
__3Z0B91,CHARLEMAGNE BLVD btwn BOTTRIELL WAY & PRINCESS LOUISE DR (__3Z0B91),2023,7252,383893.760535669,5038046.25609843,45.4778620711192,-75.4883196777943,326
__3Z0FMW,LENA AVE btwn BRAVAR DR & NEILUS LANE (__3Z0FMW),2023,294,367671.7641519,5011577.00756126,45.2413312021219,-75.699012473239,327
__3Z0FH5,LINDEN TERR btwn O'CONNOR ST & QUEEN ELIZABETH DRWY (__3Z0FH5),2023,310,368649.725220363,5030091.94768121,45.4078530705924,-75.6843138110447,328
__3Z008I,BUCKHAMS BAY RD btwn DUNROBIN RD & HIGHVIEW DR (__3Z008I),2023,302,335274.403065581,5039275.6541707,45.4927455509547,-76.1100916279274,329
__3Z0GCB,VIEWMOUNT DR btwn OAKRIDGE BLVD & PALSEN ST (__3Z0GCB),2023,3202,363812.1929,5022972.00355,45.3442122790181,-75.7469616273931,330
__3Z0CFU,LACASSE AVE btwn BLAKE BLVD & MCARTHUR AVE (__3Z0CFU),2023,1430,370808.499858732,5032887.07740324,45.4328065042262,-75.656367430171,331
__6REWRM,HARVEST VALLEY AVE btwn SPARKMAN AVE & GOLDENBROOK WAY (__6REWRM),2023,4798,384904.1234,5034482.81245,45.4456855184448,-75.4759818135823,332
__3ZAH57,DRAPER PL btwn BEAUMARIS DR & DONNINGTON PL (__3ZAH57),2023,313,359895.171,5022382.9959,45.3392309798094,-75.7970073430394,333
__3Z0BDT,CHAMPNEUF DR btwn ZACHARY ST & LUNENBERG CRES (__3Z0BDT),2023,506,381512.793540665,5036257.49318152,45.4620323837447,-75.5190517790929,334
__3Z0EPV,GILMOUR ST btwn LYON ST & KENT ST (__3Z0EPV),2023,2491,367536.28435,5030623.7103,45.4127372112672,-75.6984718532126,335
__3Z0A4N,WHITEROCK ST btwn HUNTINGDALE CRT & MATHESON RD (__3Z0A4N),2023,390,373196.525981541,5032908.90112432,45.4327591683106,-75.625841829328,336
__3Z0A6Q,KEEFER ST btwn AVON LANE & MACKAY ST (__3Z0A6Q),2023,290,368502.7019,5033810.0985,45.4413198867481,-75.6857138781369,337
__3Z0D63,SPRINGFIELD RD btwn PUTMAN AVE & BERTRAND ST (__3Z0D63),2023,4488,369198.7045,5033848.59755,45.4416025192827,-75.676813038968,338
__3Z0BO9,PRESTWICK DR btwn PAYETTE DR & DUVAL LANE (__3Z0BO9),2023,2957,383176.349514229,5036813.18222601,45.4668325860842,-75.4976844031295,339
__3ZAH6R,MORRISON DR btwn STONE CRES & STONE CRES (__3ZAH6R),2023,1986,359992.33485,5022579.27245,45.3409894414255,-75.7957457716683,340
e___2HES,CLEARBROOK DR btwn BISSETT WAY/HIGHPOINTE CRES & PIAZZA CIR (e___2HES),2023,2846,365184.016413334,5015128.9031715,45.2735245748754,-75.7304177843894,341
__3Z0FS2,SOUTHMORE DR btwn RANKIN ST & MCCARTHY RD (__3Z0FS2),2023,1242,369353.390814936,5024781.73081496,45.3600061146559,-75.6760263361844,342
__3Z09W5,MERIVALE RD btwn RAVEN AVE & LAROSE AVE (__3Z09W5),2023,11227,364845.324833228,5026919.99623214,45.3796484262781,-75.7332995793169,343
__3ZAII7,CRAIG HENRY DR btwn ELVASTON AVE & WADE CRT (__3ZAII7),2023,3488,361246.937493135,5021426.90808239,45.3305185239428,-75.7798766883643,344
__3Z0A3Z,ROCKLANE DR btwn WHITEMARSH CRES & OLD SECOND LINE RD (__3Z0A3Z),2023,226,344794.892375941,5026400.28259407,45.3764025802271,-75.9893471620774,345
__3Z08F6,SUSSEX DR btwn ST. ANDREW ST & GUIGUES AVE (__3Z08F6),2023,14175,367599.245566142,5032564.19721232,45.4301921872121,-75.6974208158006,346
__3Z0848,BLACKBURN HAMLET BYPASS EB btwn NAVAN RD & INNES RD E (__3Z0848),2023,22461,379749.289190305,5033508.49376524,45.4374072798103,-75.5420427450837,347
__3Z0872,INNES RD btwn COX COUNTRY RD & O'TOOLE RD (__3Z0872),2023,4827,388492.268819932,5038014.12985572,45.4770245386107,-75.4295348501286,348
__3Z07OT,PORTOBELLO BLVD btwn GARDENWAY DR & VALIN ST (__3Z07OT),2023,6040,385322.650191913,5037500.29798521,45.4727631400687,-75.4701373138997,349
__3ZAJ0V,BAYVIEW DR btwn LEN PURCELL DR & BISHOP DAVIS DR (__3ZAJ0V),2023,960,336489.554197153,5039353.56792546,45.4934859740061,-76.0946551012467,350
__3ZAH4Y,MEADOWBANK DR btwn GREENBANK RD & CROFTON RD (__3ZAH4Y),2023,1274,360934.451822977,5022281.81154495,45.338248150617,-75.7837343372642,351
__3Z0FOA,HUNTER'S POINT CRES btwn FARRIERS LANE & BRIDLE PATH DR (__3Z0FOA),2023,345,371656.353688773,5023453.03363783,45.347824784489,-75.6468082999539,352
__3Z08WA,MONTREAL RD btwn FOXBOROUGH PRIV & OGILVIE RD (__3Z08WA),2023,16074,375489.330359408,5034449.47196856,45.4463962426229,-75.5963359872845,353
__6E55PD,KEYROCK DR btwn MIRO WAY & DOYON AVE (__6E55PD),2023,1103,349251.920312794,5020520.47913131,45.3232226677573,-75.9329730960939,354
__3Z0C7P,MELFORT ST btwn HOWLAND AVE & MAGNUS AVE (__3Z0C7P),2023,423,374394.237,5028477.54245,45.392778656469,-75.6111665920033,355
__3Z0BC6,HUNTER'S RUN DR btwn HENRI LAUZON ST & BEAUSEJOUR DR (__3Z0BC6),2023,2224,380613.361863634,5036038.8224413,45.4601529567094,-75.5305762735746,356
e___2HEM,EARL ARMSTRONG RD btwn BRIAN GOOD AVE & SPRATT RD (e___2HEM),2023,19215,368253.3736,5014922.79645,45.271399099726,-75.6913249464013,357
__3ZAIG3,BRAE CRES btwn NORWAY SPRUCE ST & DONEGAL RD (__3ZAIG3),2023,904,350801.08805,5012569.41345,45.2515807882843,-75.9139478402438,358
__3Z0GOW,HARROLD PL S/W LEG btwn HARROLD PL WEST LOOP & VETERAN AVE S (__3Z0GOW),2023,63,365089.023,5027606.5656,45.3858047270463,-75.7301043304848,359
__3Z0FO9,UPLANDS DR btwn PAUL ANKA DR & SHEARWATER PRIV (__3Z0FO9),2023,2798,369580.012017221,5023451.28204743,45.3480087248712,-75.673295943104,360
__3Z086V,KING EDWARD AVE btwn BOLTON ST & CATHCART ST (__3Z086V),2023,30808,368063.9211,5033135.123,45.4352865475347,-75.6914088281508,361
__3Z09W6,KIRKWOOD AVE btwn LAPERRIERE AVE & WOODWARD AVE (__3Z09W6),2023,10060,364553.295114471,5026929.98586847,45.3797596480771,-75.7370208799899,362
__3ZAJTX,MCCURDY DR btwn THIESSEN CRES & NAISMITH CRES (__3ZAJTX),2023,1402,351834.204733604,5018393.80469543,45.3039196447778,-75.9002472303435,363
__3Z085E,MONTREAL RD btwn MONTGOMERY ST & PALACE ST (__3Z085E),2023,10552,369885.102458553,5032958.75037042,45.4335328212844,-75.6681567382662,364
__3Z0DS3,PITTAWAY AVE btwn NOTMAN WAY & BLOHM DR (__3Z0DS3),2023,194,374184.701416552,5026074.99215165,45.3712063632368,-75.6141995538861,365
__3Z0AVG,CRAIG HENRY DR btwn WOODVALE GR & KNOXDALE RD (__3Z0AVG),2023,5246,363076.426541503,5021728.98551227,45.3330894605093,-75.7564963367091,366
__3ZAH65,NANAIMO DR btwn MOHAWK CRES & MOHAWK CRES (__3ZAH65),2023,2180,359366.16845,5022668.4989,45.3418412853141,-75.8037252161102,367
__3Z0AKR,GARDENWAY DR btwn LATOUR CRES & OAKLAWN CRES (__3Z0AKR),2023,2500,384063.75945,5036728.56545,45.465986569853,-75.4863610180418,368
__3Z0EEI,SECOND AVE btwn LYON ST & BANK ST (__3Z0EEI),2023,1036,368202.004382889,5029564.48492736,45.4031459613951,-75.6901052818746,369
__3Z0BYE,FOREST VALLEY DR btwn DES RAVINS PL & DES RAVINS PL (__3Z0BYE),2023,4321,380010.55380932,5035104.95539746,45.4518640127531,-75.5385034099105,370
__3Z0B3R,8TH LINE RD btwn LLOYD GRAHAM AVE & BYRON ST (__3Z0B3R),2023,3466,385504.8,5011030.4155,45.2346097630753,-75.4721296823034,371
__3ZAH4K,HARRISON ST btwn BARNES CRES & DAYTON CRES (__3ZAH4K),2023,935,360631.1751,5022147.99455,45.3370582545105,-75.7876434677281,372
__3Z0A6L,KEEFER ST btwn STANLEY AVE & RIVER LANE (__3Z0A6L),2023,212,368432.7019,5033644.597,45.4398371419239,-75.6866299671999,373
__3ZAI0V,CASTLEFRANK RD btwn TERRY FOX DR & CASTLE GLEN CRES (__3ZAI0V),2023,4167,353038.31589922,5016339.02795681,45.2853596073154,-75.8850521937982,374
__3Z00A0,KNUDSON DR btwn SHAUGHNESSY CRES & GOULDING CRES (__3Z00A0),2023,3485,350712.176699631,5020560.17244884,45.3234880626995,-75.9143423704693,375
__5RGO52,DOZOIS RD btwn MITCH OWENS RD & LONGSHADOW ST (__5RGO52),2023,3050,371694.117068114,5012062.03332089,45.245339602434,-75.6478646423681,376
__3ZAHNW,NANAIMO DR btwn ALEUTIAN RD & MOHAWK CRES (__3ZAHNW),2023,2497,359243.561926122,5022673.13254652,45.3418894898512,-75.8052782158183,377
__3Z0CJ3,ST. LOUIS DR btwn HIAWATHA PARK RD & BUCKSKIN WAY (__3Z0CJ3),2023,1793,379463.719242339,5038345.60156246,45.4810418048671,-75.5449238569653,378
__3ZAJBM,NANTES ST btwn BEROT LANE & IVANY WAY (__3ZAJBM),2023,1171,386037.719698705,5035857.80582326,45.457927694571,-75.4612668244194,379
__3Z0G83,AMESBROOKE DR btwn FORLAN DR & MAITLAND AVE (__3Z0G83),2023,270,363746.819276624,5025057.46160134,45.3629784595169,-75.7475473035867,380
__3ZAJ2Y,ALLBIRCH RD btwn SHADY LANE & BISHOP DAVIS DR (__3ZAJ2Y),2023,1380,337292.335224455,5038897.27999957,45.4892578041962,-76.0843326216279,381
__3ZAH34,ASHGROVE CRES btwn WESTFIELD CRES & LINDHURST CRES (__3ZAH34),2023,1448,361159.6781,5021992.99345,45.335621302904,-75.7809184142448,382
__4O3JPY,BERRIGAN DR btwn CROXLEY WAY & CLARIDGE DR (__4O3JPY),2023,4679,364537.7085,5015780.7689,45.2794445888417,-75.7385712993878,383
__3Z0A5O,MOUNTSHANNON DR btwn EARL MULLIGAN DR & WOODFORD WAY (__3Z0A5O),2023,1631,364855.484048551,5017152.45865205,45.2917966506878,-75.7343619776063,384
__67PTM1,WHITE ALDER AVE btwn FLAT SEDGE CRES & BUTTONBUSH WAY (__67PTM1),2023,885,375328.5385,5020650.237,45.3222586248838,-75.6003522703991,385
__3Z0DT9,ALBION RD btwn BADEN AVE & ALADDIN LANE (__3Z0DT9),2023,6795,372540.354636302,5022698.5513728,45.3409636035699,-75.635633503938,386
__3Z0F6R,WOODWARD AVE btwn KIRKWOOD AVE & KENZIE ST (__3Z0F6R),2023,318,364605.50945,5026916.51345,45.3796372132856,-75.7363618834073,387
__3ZAHBX,CHURCH ST btwn LENIDA DR & CAROLIN CRT (__3ZAHBX),2023,1292,366386.63837618,4998948.32476328,45.1278287858242,-75.7170845307483,388
__3Z0DOT,QUEEN MARY ST btwn NORTH RIVER RD & MARION AVE (__3Z0DOT),2023,2134,370148.2015,5031933.0781,45.4242793599257,-75.6649314579955,389
__3Z0B09,VOYAGEUR DR btwn FAIRWINDS TERR & EASTPORT DR (__3Z0B09),2023,302,378654.223048644,5038087.25805743,45.4788271798082,-75.5552550355884,390
__3Z0GW0,BLACK FRIARS RD btwn SAVILLE ROW & MANITOU DR (__3Z0GW0),2023,148,362212.216279952,5026548.82614376,45.3765295839328,-75.7669661677153,391
__5J15MX,MAXWELL BRIDGE RD btwn FORDELL AVE & ARNCLIFFE AVE (__5J15MX),2023,291,349540.32945,5024893.75055,45.3625600767645,-75.9288965067759,392
__3Z0G7L,AGINCOURT RD btwn NAVAHO DR & MALLARD AVE (__3Z0G7L),2023,933,363449.52755,5024829.34905,45.360954901363,-75.7513688005714,393
__3Z0944,FISHER AVE btwn NORMANDY CRES & VIEWMOUNT DR (__3Z0944),2023,13893,366895.310253147,5024275.4324763,45.355676622541,-75.7074601161085,394
__3ZAITG,PICKFORD DR btwn STURSBERG WAY & HARMON WAY (__3ZAITG),2023,1364,352808.1189,5018544.9615,45.3052163344124,-75.8878018343056,395
__8IAYQM,MARKETPLACE AVE btwn RIOCAN AVE & SUE HOLLOWAY DR (__8IAYQM),2023,6808,364382.007285065,5014813.58038042,45.2707549541394,-75.7406720461992,396
__3Z0DLG,RANGE RD btwn SOMERSET ST & TEMPLETON ST (__3Z0DLG),2023,2241,369661.71055,5031985.57905,45.424797023087,-75.671140645927,397
__3Z05V3,STRANDHERD DR btwn CLARIDGE DR & BEATRICE DR (__3Z05V3),2023,30366,365241.893043126,5015399.52447266,45.2759577631076,-75.7296688279188,398
__3Z0C6B,TAWNEY RD btwn HEATON AVE & SUSAN ST (__3Z0C6B),2023,815,374038.313957662,5028375.59763671,45.391890035121,-75.6157224205381,399
__3ZAH2E,SAVILLE ROW btwn PRINCE CHARLES RD & BLACK FRIARS RD (__3ZAH2E),2023,2481,362073.6849,5026532.03455,45.3763892646862,-75.7687318600021,400
__3Z0EXL,AVENUE RD btwn GLENVIEW AVE & SOUTHERN DR (__3Z0EXL),2023,156,369414.94095,5029139.49425,45.3992118195894,-75.6746668379269,401
__3Z07L0,KELLY AVE btwn MONCTON RD & NEVILLE ST (__3Z07L0),2023,1039,360433.675671642,5024018.08052633,45.3538943705019,-75.7899750774649,402
__3Z0DOR,HENDERSON AVE btwn LAURIER AVE & OSGOODE ST (__3Z0DOR),2023,846,368864.569729598,5031985.52920855,45.4248712871426,-75.6813272236701,403
__3Z070O,MARCH RD btwn HOWIE RD & JACOB'S GT (__3Z070O),2023,9325,337349.363624232,5017352.55035549,45.2953767532396,-76.0849960418776,404
__3ZAH76,RECTOR AVE btwn STANTON RD & SOUTHWOOD DR (__3ZAH76),2023,332,361047.319593086,5023047.51592142,45.3451174865319,-75.782235391727,405
__3Z0G8W,NAVAHO DR btwn AGINCOURT RD & CANNON CRES (__3Z0G8W),2023,1772,363308.52655,5024933.64395,45.3619051139001,-75.7531560842406,406
__3Z0G9H,NAVAHO DR btwn TARA DR & WOODSIDE DR (__3Z0G9H),2023,1423,363507.68,5025014.81945,45.3626188759785,-75.7506045294635,407
__3Z0FF4,WORKMAN AVE btwn ROYAL AVE & CHURCHILL AVE (__3Z0FF4),2023,844,363031.26955,5028600.3355,45.3949206120474,-75.7562624721865,408
__30KGJ4,KITTIWAKE DR btwn CHANTILLY GT & WILDERNESS WAY (__30KGJ4),2023,1574,348337.157,5014388.58205,45.2681071351732,-75.9451773062973,409
__4BQ6F9,JOHNSTON RD btwn ALLANFORD AVE & ROWALLEN PL (__4BQ6F9),2023,5780,373094.888780206,5025978.49422935,45.3704038101699,-75.6281116835365,410
__3Z0BUR,ST. GEORGES ST btwn WARDEN AVE & ROXDALE AVE (__3Z0BUR),2023,1712,382720.25055,5037257.07645,45.4708928092877,-75.5034556146769,411
__3ZAHZZ,WOODLAND AVE btwn BYRON AVE & MIDWAY AVE (__3ZAHZZ),2023,205,361398.46645,5026150.50175,45.373011130734,-75.7773960630668,412
__3Z0GO7,HARROLD PL N/W LEG btwn VETERAN AVE N & HARROLD PL WEST LOOP (__3Z0GO7),2023,79,365075.6981,5027626.5445,45.38598563993,-75.7302720352838,413
__3Z0FJ2,ARLINGTON AVE btwn KENT ST & BANK ST (__3Z0FJ2),2023,2788,367939.4211,5030300.15095,45.409789671188,-75.6933632768892,414
__3Z0B2Q,8TH LINE RD btwn VAN RENS ST & GLENWOOD DR (__3Z0B2Q),2023,1648,385788.29960483,5010290.2405321,45.2279145828326,-75.4686384466805,415
__4TZOAE,LANARK AVE btwn ELLENDALE CRES & METROPOLE PRIV (__4TZOAE),2023,856,363548.138916065,5029071.04262919,45.3992023772027,-75.7496788124532,416
__3ZAHDV,RIDGEFIELD CRES btwn EVERGREEN DR & LONGWOOD AVE (__3ZAHDV),2023,1431,358018.908301585,5020373.25607472,45.3212898752224,-75.8211588473113,417
__3Z08YI,BLAIR RD btwn MOWAT ST & APPLEFORD ST (__3Z08YI),2023,10957,374221.806868843,5033924.79818312,45.4418070916202,-75.6126009768091,418
