X,Y,FID,OBJECTID,Intersecti,All_Motori,F__Trucks,Pedestrian,Bicycles_N,Data_Colle
-75.92868317214,45.2536024706131,1,1,ABBOTT ST W @ WEST RIDGE DR,5058,1.72%,165,29,15-Jul-15
-75.8404047510682,45.2753722682309,2,2,ACCEPTANCE PL @ HOPE SIDE RD,8048,5.48%,1,11,13-Aug-15
-75.6501907966285,45.4057522467612,3,3,ACTON ST/AVALON PL @ STATION BLVD,1114,1.62%,425,308,14-May-15
-75.6844781672722,45.4029279908702,4,4,ADELAIDE ST @ FIFTH AVE,2362,3.75%,516,228,15-Apr-15
-75.6549085427489,45.3501500111508,5,5,AIRPORT PKWY @ HUNT CLUB RD,43973,4.19%,137,29,11-Aug-15
-75.6666476655756,45.3690328097217,6,6,AIRPORT PKWY/WALKLEY RD NORTHBOUND OFF RAMP @,18649,2.78%,796,87,06-Aug-15
-75.7086017308522,45.4163493343933,7,7,ALBERT ST @ BRONSON AVE,12114,16.23%,1112,179,13-Aug-15
-75.6467441782757,45.3605890609127,8,8,ALBION RD @ 118 S OF BRENDA CR,3510,1.82%,138,46,13-Aug-15
-75.6086830852076,45.2944791991634,9,9,ALBION RD @ 210 S OF HIGH RD/EARL ARMSTRONG RD,10787,5.32%,0,4,01-Sep-15
-75.6430157773643,45.3539020828114,10,10,ALBION RD @ BANK ST,29980,3.82%,227,13,15-Oct-15
-75.6410268850334,45.3503866320278,11,11,ALBION RD @ BRIDLE PATH DR,12280,2.30%,81,41,16-Jul-15
-75.6396472456851,45.3479465877781,12,12,ALBION RD @ D'AOUST AVE,9558,2.35%,65,52,13-Aug-15
-75.6173733355672,45.3094244554171,13,13,ALBION RD @ FINDLAY CREEK DR,14468,3.52%,6,16,06-Aug-15
-75.6439755220557,45.3556306799284,14,14,ALBION RD @ HUNT CLUB RD,33380,5.05%,255,15,15-Oct-15
-75.6439755220557,45.3556306799284,15,15,ALBION RD @ HUNT CLUB RD,32417,5.06%,241,33,16-Jul-15
-75.6039263333389,45.2865161619247,16,16,ALBION RD @ RIDEAU RD,15257,8.18%,0,3,01-Sep-15
-75.6515566525738,45.3289878839876,17,17,ALERT RD/AIRPORT PKWY/UPLANDS DR RAMP 62,20877,4.48%,15,12,02-Dec-15
-75.6642290219888,45.3780948406628,18,18,ANOKA ST @ EDGE HILL PL,773,2.83%,90,4,25-Mar-15
-75.7057450283228,45.3621662870344,19,19,APELDOORN AVE @ NORMANDY CRES N,699,4.95%,8,1,10-Feb-15
-75.4848862514007,45.4749425899907,20,20,APOLLO WAY @ CANEMORE CRES S,945,2.31%,9,0,07-Jan-15
-75.4900098916648,45.4730893269645,21,21,APOLLO WAY @ ORFORD CRES S,865,2.32%,13,0,07-Jan-15
-75.5898920573168,45.2497708003005,22,22,APPLE ORCHARD RD @ STAGECOACH RD,8169,9.16%,3,2,24-Nov-15
-75.5991380844959,45.4229623547021,23,23,APPLETON DR @ BEAVERPOND DR,1093,7.20%,94,5,12-Nov-15
-75.4775049525528,45.4519712939011,24,24,AQUAVIEW DR @ BLACKBURN BYPASS,11973,3.98%,263,4,31-Mar-15
-75.6882425730685,45.4122650681266,25,25,ARGYLE AVE W @ METCALFE ST,13640,1.63%,454,10,10-Feb-15
-75.6477286633719,45.3876825410031,26,26,ASTER ST @ KILBORN AVE,5010,4.25%,79,54,08-Oct-15
-75.6793395778717,45.43144664086,27,27,AUGUSTA ST @ RIDEAU ST,11547,8.16%,1466,224,06-Aug-15
-75.6270199467225,45.427993156857,28,28,AVIATION PKWY @ OGILVIE RD,46602,1.71%,142,10,28-Jan-15
-75.6841897042747,45.3955976225497,29,29,AYLMER AVE @ BANK ST,21637,3.98%,1422,484,15-Apr-15
-75.6201722411314,45.3965802763524,30,30,BALHARRIE AVE @ TAWNEY RD,1209,3.39%,12,21,28-May-15
-75.6461049220771,45.3536312808788,31,31,BANK ST @ 80 S OF HUNT CLUB RD/TOWNGATE PLAZA,31871,3.49%,611,8,02-Dec-15
-75.6744679261811,45.3866342348234,32,32,BANK ST @ BILLINGS TRANSIT,24767,5.11%,1327,251,06-Aug-15
-75.6511569088033,45.3556475663213,33,33,BANK ST @ CAHILL DR/DAZE ST,33292,4.01%,592,56,01-Sep-15
-75.6808022299235,45.3913709919071,34,34,BANK ST @ CAMERON AVE,18633,3.32%,985,118,12-Nov-15
-75.6033206205983,45.3362657877201,35,35,BANK ST @ CONROY RD,22248,5.64%,3,12,13-Aug-15
-75.6211574185039,45.3428835235853,36,36,BANK ST @ DAVIDSON RD/LESTER RD,20041,5.15%,4,14,20-Aug-15
-75.6658290722753,45.3752179519238,37,37,BANK ST @ ERIE AVE,27201,3.84%,229,65,06-Aug-15
-75.6876036834288,45.4016391874579,38,38,BANK ST @ FIFTH AVE,15142,4.40%,3288,352,15-Apr-15
-75.6895962711161,45.4051567219059,39,39,BANK ST @ GLEBE AVE,15928,4.48%,2204,163,12-Nov-15
-75.6865813306659,45.3998260629136,40,40,BANK ST @ HOLMWOOD AVE,16435,5.55%,3272,331,15-Apr-15
-75.6568948227009,45.3603944596964,41,41,BANK ST @ JOHNSTON RD,33628,3.47%,572,74,06-Aug-15
-75.6718452040858,45.383792500019,42,42,BANK ST @ KILBORN AVE/BELANGER AVE,30445,3.97%,635,7,28-Jan-15
-75.5998445486294,45.3309831684526,43,43,BANK ST @ LEITRIM RD,33558,6.09%,19,8,17-Jun-15
-75.5998445486294,45.3309831684526,44,44,BANK ST @ LEITRIM RD,33229,6.41%,13,4,15-Oct-15
-75.5700518897608,45.2797032310317,45,45,BANK ST @ MITCH OWENS RD,22646,9.37%,4,8,02-Dec-15
-75.6253721116873,45.3476132224865,46,46,BANK ST @ QUEENSDALE AVE,17880,5.82%,209,17,13-Aug-15
-75.580022690594,45.2968547710363,47,47,BANK ST @ RIDEAU RD,21310,12.80%,5,5,20-Aug-15
-75.6791122931954,45.390049004549,48,48,BANK ST @ RIVERDALE AVE,21250,4.45%,298,26,28-Jan-15
-75.6772374878517,45.3888347422836,49,49,BANK ST @ RIVERSIDE DR N,37535,3.30%,846,635,16-Jul-15
-75.6270291614442,45.3485707587631,50,50,BANK ST @ ROSEBELLA AVE,16012,6.39%,165,10,13-Aug-15
-75.4953003686165,45.2266425578943,51,51,BANK ST @ SNAKE ISLAND RD/VICTORIA ST,13621,7.75%,1,0,02-Dec-15
-75.6295721834278,45.3500119728382,52,52,BANK ST @ ST. BERNARD ST,19728,5.80%,157,12,01-Sep-15
-75.6908381451394,45.4073395870085,53,53,BANK ST @ STRATHCONA AVE,16175,5.44%,1131,570,13-Aug-15
-75.683429843661,45.3942603896756,54,54,BANK ST @ SUNNYSIDE AVE,23185,3.89%,3265,313,15-Apr-15
-75.6853850784397,45.397738842003,55,55,BANK ST @ WILTON CRES,20542,4.28%,703,509,15-Apr-15
-75.7113821860017,45.2199515975103,56,56,BANKFIELD RD @ FIRST LINE RD,13173,8.23%,0,0,08-Dec-15
-75.7113821860017,45.2199515975103,57,57,BANKFIELD RD @ FIRST LINE RD,10099,9.59%,0,6,30-Jun-15
-75.6896653913202,45.2285106284366,58,58,BANKFIELD RD @ MANOTICK MAIN ST/RIDEAU VALLEY,17607,7.56%,0,17,30-Sep-15
-75.782730464518,45.3318007257942,59,59,BANNER RD @ GREENBANK RD,30504,2.65%,384,0,26-Feb-15
-75.8185808166538,45.1976040336149,60,60,BARNSDALE RD @ EAGLESON RD,7105,5.46%,0,1,17-Nov-15
-75.7059099687699,45.2435089016951,61,61,BARNSDALE RD @ RIDEAU VALLEY DR,10790,2.84%,5,31,30-Jun-15
-75.7606267191236,45.3524848242932,62,62,BASELINE RD @ COLLEGE SQUARE SC,32802,1.60%,444,2,03-Mar-15
-75.7165426257033,45.3715185248733,63,63,BASELINE RD @ FISHER AVE,54268,2.84%,418,11,15-Jan-15
-75.7925780173695,45.339106111658,64,64,BASELINE RD @ GUTHRIE ST,21566,2.74%,163,2,03-Mar-15
-75.8045332594596,45.3339421984304,65,65,BASELINE RD @ JOHN SUTHERLAND DR/VALLEY STREAM,22818,3.48%,226,6,03-Mar-15
-75.7983306896566,45.337197835378,66,66,BASELINE RD @ MONTEREY DR,21956,3.05%,148,1,11-Feb-15
-75.7804954038663,45.344079000174,67,67,BASELINE RD @ ROCKWAY CRES,30410,2.46%,72,101,04-Jun-15
-75.8004416624909,45.3356989846518,68,68,BASELINE RD @ SANDCASTLE DR,21472,3.45%,98,1,18-Feb-15
-75.7397879104366,45.3955851564082,69,69,BASSETT LANE @ PICCADILLY AVE,508,2.58%,24,0,19-Feb-15
-75.6188997237356,45.4348957467416,70,70,BATHGATE DR @ RAINBOW CRES S,7581,3.39%,178,36,01-Sep-15
-75.7021465088462,45.4129805293902,71,71,BAY ST @ SOMERSET ST,9311,3.73%,1523,933,24-Jun-15
-75.7070738504102,45.4187053889439,72,72,BAY ST @ SPARKS ST,8449,1.84%,1562,297,23-Apr-15
-75.8073515875396,45.3527097573901,73,73,BAYSHORE DR @ WOODRIDGE CRES N,16369,3.90%,534,1,08-Dec-15
-76.0909402850905,45.4899276419851,74,74,BAYVIEW DR W @ BISHOP DAVIS DR W,949,7.77%,1,26,02-Jul-15
-75.5752572721241,45.4533487897568,75,75,BEARBROOK RD/ROCKCLIFFE PKWY @ ST. JOSEPH BLVD,33456,3.51%,7,10,11-Feb-15
-75.5488540809111,45.4823323212575,76,76,BEAUCHAMP AVE @ ROSLYN AVE,530,6.49%,8,292,29-Jul-15
-75.6790199432473,45.4333100171687,77,77,BEAUSOLEIL DR @ COBOURG ST,6460,5.99%,242,346,07-May-15
-75.7544097719587,45.3977152213578,78,78,BEECHGROVE AVE @ LANARK AVE,1766,4.55%,131,31,18-Nov-15
-75.6737288403688,45.4411816756028,79,79,BEECHWOOD AVE @ CHAMPLAIN AVE,13705,4.60%,432,391,25-Aug-15
-75.6728028068775,45.4415709102671,80,80,BEECHWOOD AVE @ CHAPLEAU AVE,13747,4.65%,353,395,25-Aug-15
-75.6745922676264,45.4407019865314,81,81,BEECHWOOD AVE @ LANGEVIN AVE,14184,4.43%,326,389,25-Aug-15
-75.6716062445576,45.4421021618188,82,82,BEECHWOOD AVE @ MARIER AVE/PUTMAN AVE,17094,2.09%,1351,231,09-May-15
-75.676355864233,45.4398508537939,83,83,BEECHWOOD AVE @ SPRINGFIELD RD,28273,4.04%,1421,125,08-Dec-15
-75.6740507342069,45.441022029415,84,84,BEECHWOOD AVE @ ST. CHARLES ST,16120,2.11%,571,241,09-May-15
-75.6740507342069,45.441022029415,85,85,BEECHWOOD AVE @ ST. CHARLES ST,14485,4.67%,319,357,29-Jul-15
-75.5145127752264,45.4586555311753,86,86,BELCOURT BLVD @ JEANNE D'ARC BLVD,20006,1.98%,121,6,07-Aug-15
-75.6369774015871,45.4126590205988,87,87,BELFAST RD @ OC TRANSPO GARAGE ENT N/530 E OF TRAINYARDS DR,10416,11.04%,63,13,25-Nov-15
-75.5956979952564,45.3814872958059,88,88,BELGREEN DR @ STEVENAGE DR,2805,22.72%,7,8,02-Sep-15
-75.9186610820435,45.2525650017796,89,89,BELL ST @ GOULBOURN ST,507,7.18%,11,0,11-Feb-15
-75.7370588540309,45.2800567372281,90,90,BERRIGAN DR @ CLARIDGE DR,6884,2.43%,969,55,25-Jun-15
-75.6883128026542,45.4267840205548,91,91,BESSERER ST @ WALLER ST,17357,11.29%,3957,11,09-Apr-15
-75.931523474963,45.2594779154977,92,92,BEVERLY ST @ BIRDSTONE AVE,1584,3.33%,74,3,11-Mar-15
-75.5323295487514,45.4814285848204,93,93,BILBERRY DR W @ JEANNE D'ARC BLVD,11769,3.95%,309,1,25-Feb-15
-75.714900435918,45.2966633719176,94,94,BILL LEATHEM DR @ LONGFIELDS DR,4178,2.39%,5,35,10-Jun-15
-75.4649903770532,45.4546509837819,95,95,BLACKBURN BYPASS @ PORTOBELLO BLVD,8802,4.38%,248,7,21-Oct-15
-75.4868868098873,45.4490937110489,96,96,BLACKBURN BYPS @ STRASBOURG ST,10709,2.67%,48,2,31-Mar-15
-75.6151146262409,45.4464657079717,97,97,BLAIR RD @ MONTREAL RD,28765,3.27%,76,1,11-Feb-15
-75.6090526135414,45.4352512821378,98,98,BLAIR RD @ OGILVIE RD,59558,3.04%,1209,10,08-Dec-15
-75.6090526135414,45.4352512821378,99,99,BLAIR RD @ OGILVIE RD,41558,2.52%,1481,124,07-Jul-15
-75.7020250736486,45.3271261732791,100,100,BLAZER AVE @ PRINCE OF WALES DR,25459,2.35%,24,93,07-May-15
-75.6021030515172,45.3721251882146,101,101,BLOHM DR @ HUNT CLUB RD,29992,6.78%,7,7,17-Sep-15
-75.6695408094073,45.3876812063625,102,102,BLOSSOM DR @ CROCUS AVE,1067,0.92%,52,34,02-Jul-15
-75.4376526113487,45.3344758295666,103,103,BOUNDARY RD @ MITCH OWENS RD,8903,8.03%,1,3,02-Jul-15
-75.4563918325164,45.3693747372864,104,104,BOUNDARY RD @ RUSSELL RD,7516,9.51%,21,10,13-Aug-15
-75.6426324579467,45.3860426355984,105,105,BOWMAN RD S @ JUNO AVE S,118,0.00%,2,15,03-Sep-15
-75.5245929352395,45.4531072066831,106,106,BOYER RD @ VISENEAU DR,3462,5.15%,41,6,25-Mar-15
-75.9423355066108,45.3431661238069,107,107,BRADY AVE @ OLD SECOND LINE RD,6509,2.34%,64,45,27-May-15
-75.7169766495534,45.402972006591,108,108,BREEZEHILL AVE @ GLADSTONE AVE,7004,4.54%,266,426,13-Aug-15
-75.719309382322,45.4068557976676,109,109,BREEZEHILL AVE @ SOMERSET ST,8263,4.24%,644,774,13-Aug-15
-75.4549693440536,45.4738403124477,110,110,BREEZEWOOD ST/RUSTIC HILLS CRES @ VALIN ST,3658,3.32%,136,39,24-Jun-15
-75.493609911747,45.4470320549513,111,111,BRIAN COBURN BLVD @ GERRY LALONDE DR,10785,2.74%,18,2,31-Mar-15
-75.4819787982661,45.4506003406582,112,112,BRIAN COBURN BLVD @ TENTH LINE RD,22782,3.72%,87,3,31-Mar-15
-75.6862816773408,45.2264618260319,113,113,BRIDGE ST/MAPLE AVE @ MANOTICK MAIN ST,23377,6.18%,94,6,30-Sep-15
-75.8617961980631,45.2768145471917,114,114,BRIDGESTONE DR @ EAGLESON RD,15978,2.98%,29,4,13-May-15
-75.8459530409578,45.2849529301373,115,115,BRIDLE PARK DR @ STONEHAVEN DR,13460,3.33%,458,49,16-Sep-15
-75.7998080573766,45.3705293542475,116,116,BRITANNIA RD @ ROWATT ST,1366,7.92%,38,33,29-Jul-15
-75.6997700705888,45.4011610222938,117,117,BRONSON AVE @ CARLING AVE/GLEBE AVE,44898,2.90%,1519,77,15-Apr-15
-75.6976947284143,45.397557280258,118,118,BRONSON AVE @ FIFTH AVE/MADAWASKA DR,39946,2.34%,446,144,15-Apr-15
-75.696615952291,45.3956856810504,119,119,BRONSON AVE @ HOLMWOOD AVE,41596,2.18%,324,137,15-Apr-15
-75.7017533755167,45.4045494119338,120,120,BRONSON AVE @ HWY 417 BRONSON IC121AR51,36129,2.74%,276,64,06-Aug-15
-75.7017533755167,45.4045494119338,121,121,BRONSON AVE @ HWY 417 BRONSON IC121AR51,36038,2.91%,382,26,15-Apr-15
-75.701378664338,45.4039438774306,122,122,BRONSON AVE @ IMPERIAL AVE/PLYMOUTH ST,35335,2.91%,342,4,19-Feb-15
-75.693862375193,45.3899251098998,123,123,BRONSON AVE @ SUNNYSIDE AVE/UNIVERSITY RD,61442,2.38%,691,7,28-Jan-15
-75.693862375193,45.3899251098998,124,124,BRONSON AVE @ SUNNYSIDE AVE/UNIVERSITY RD,53884,2.78%,685,128,15-Apr-15
-75.6866856954585,45.3733661576131,125,125,BROOKFIELD RD @ 200 W OF FLANNERY DR,8679,2.13%,191,139,06-Aug-15
-75.5430875543707,45.4806643942936,126,126,BUCKSKIN WAY @ ST. LOUIS DR,2220,5.02%,39,37,08-Oct-15
-75.6714870504603,45.4026353835492,127,127,BULLOCK AVE @ CENTENNIAL BLVD,700,8.32%,56,2,28-Jan-15
-75.73076625768,45.4090858036547,128,128,BURNSIDE AVE @ CARRUTHERS AVE,3363,1.22%,174,153,03-Jun-15
-75.7298556231501,45.4093496363568,129,129,BURNSIDE AVE @ STONEHURST AVE,3380,1.36%,112,278,03-Jun-15
-75.5062837710977,45.4880797676894,130,130,BURNT EMBER WAY @ MOCKINGBIRD DR,619,3.18%,47,5,21-Oct-15
-75.745616446509,45.3933381206421,131,131,BYRON AVE @ KIRKWOOD AVE,17608,3.20%,504,99,18-Nov-15
-75.756272611978,45.3900784571406,132,132,BYRON AVE @ ROOSEVELT AVE,8172,1.14%,799,374,14-May-15
-75.7315608305802,45.2549986226924,133,133,CAMBRIAN RD @ KILBIRNIE DR/TUCANA WAY,9682,4.06%,379,7,15-Oct-15
-75.6823563545219,45.3907612193597,134,134,CAMERON AVE @ WENDOVER AVE,1070,4.59%,180,104,25-Nov-15
-75.9170685618309,45.3110674091711,135,135,CAMPEAU DR @ HERLIHEY WAY,14785,2.00%,181,5,26-Feb-15
-75.9004391003876,45.3170013160513,136,136,CAMPEAU DR @ KNUDSON DR,10646,3.43%,78,3,26-Feb-15
-75.8871903727008,45.3226001822195,137,137,CAMPEAU DR/HWY 417 MARCH IC138R63 @ MARCH RD,80624,2.96%,5,4,08-Dec-15
-75.33542926732,45.524708634516,138,138,CANAAN RD @ REGIONAL RD 174,19023,3.93%,1,0,14-Jan-15
-75.8803630465347,45.3450872921751,139,139,CARLING AVE @ 640 W OF RANGE RD/D.N.D. ENTRANC,29785,1.28%,1,12,08-Dec-15
-75.7545892493069,45.377262300965,140,140,CARLING AVE @ BROADVIEW AVE,32687,2.35%,658,73,10-Jul-15
-75.8500363497253,45.3545744729332,141,141,CARLING AVE @ GRANDVIEW RD/NORTEL ENTRANCE,21486,1.73%,18,2,04-Mar-15
-75.7258701806141,45.3896695362938,142,142,CARLING AVE @ HOLLAND AVE,38166,4.19%,1163,10,10-Feb-15
-75.7187519317,45.3927976303067,143,143,CARLING AVE @ MELROSE AVE,22935,4.33%,599,77,09-Jun-15
-75.7325771976397,45.3866732163235,144,144,CARLING AVE @ MERIVALE RD,39316,3.11%,780,53,15-Oct-15
-75.8465258776592,45.3535195759868,145,145,CARLING AVE @ MOODIE DR/JAMES CUMMINGS AVE W,24594,1.64%,21,27,25-Mar-15
-75.7077136888452,45.3976169084314,146,146,CARLING AVE @ PRESTON ST,37970,3.67%,888,441,09-Jun-15
-75.7121343770619,45.3956857599886,147,147,CARLING AVE @ SHERWOOD DR,25290,3.68%,308,22,06-Jan-15
-75.911694125537,45.3386569562362,148,148,CARLING AVE/STATION RD @ MARCH RD,41642,1.97%,54,21,10-Mar-15
-75.4341240237783,45.3634188630766,149,149,CARLSBAD LANE @ SABOURIN RD,140,15.22%,0,0,28-Oct-15
-75.9392264647267,45.267830955751,150,150,CARP RD @ HAZELDEAN RD,25463,4.39%,114,3,04-Mar-15
-75.9314436791847,45.2674684960458,151,151,CARP RD @ HOBIN ST/MCCOOEYE LANE,13530,4.08%,91,2,09-Dec-15
-76.0232855605195,45.3345522155485,152,152,CARP RD @ MARCH RD,12453,4.91%,0,8,02-Sep-15
-75.9720612133574,45.2931842737578,153,153,CARP RD @ RICHARDSON SIDE RD,15965,10.62%,0,2,25-Nov-15
-75.930051569187,45.2675135690712,154,154,CARP RD @ STITTSVILLE MAIN ST,22697,2.70%,89,0,04-Mar-15
-75.7266221225083,45.4020314241416,155,155,CARRUTHERS AVE @ WELLINGTON ST,11701,4.94%,1092,96,01-Dec-15
-75.3451416446183,45.3558241720222,156,156,CASSANDRA ST @ TRUDEAU AVE,285,6.33%,17,10,21-May-15
-75.6937856588241,45.4087948281791,157,157,CATHERINE ST @ KENT ST,22550,2.95%,912,3,19-Feb-15
-75.6937856588241,45.4087948281791,158,158,CATHERINE ST @ KENT ST,20454,3.14%,907,53,06-Aug-15
-75.7726494035055,45.266478287773,159,159,CEDARVIEW RD @ KENNEVALE DR,5394,2.61%,222,8,20-Aug-15
-75.7752649246335,45.2709216402372,160,160,CEDARVIEW RD @ MARAVISTA DR,6079,3.34%,371,13,13-May-15
-75.9277667269808,45.3632773297255,161,161,CELTIC RIDGE CRES @ MAXWELL BRIDGE RD,2073,1.66%,168,48,25-Aug-15
-75.7658879691082,45.3464337043701,162,162,CENTREPOINTE DR @ HEMMINGWOOD WAY E,12693,1.69%,194,52,30-Apr-15
-75.6949748051642,45.4069224958241,163,163,CHAMBERLAIN AVE @ LYON ST,11798,4.13%,57,54,09-Jul-15
-75.5186355247589,45.481086737184,164,164,CHAMPLAIN ST @ PLACE D'ORLEANS  SC E/PLACE D'ORLEANS,15818,4.90%,89,0,19-Feb-15
-75.7322150925739,45.2695677631953,165,165,CHAPMAN MILLS DR @ LEAMINGTON WAY/MANCINI WAY,4148,4.39%,164,30,01-Sep-15
-75.7348431347524,45.268646688827,166,166,CHAPMAN MILLS DR @ LONGFIELDS DR,13721,4.23%,166,0,11-Feb-15
-75.7348431347524,45.268646688827,167,167,CHAPMAN MILLS DR @ LONGFIELDS DR,13549,3.80%,278,46,30-Apr-15
-75.7249128043078,45.355053927341,168,168,CHARKAY ST @ MULVAGH AVE,1191,3.30%,8,42,28-May-15
-75.4798078842616,45.4778128559002,169,169,CHARLEMAGNE BLVD @ WATTERS RD,8866,3.94%,228,12,08-Oct-15
-75.6762758146578,45.432712835501,170,170,CHARLOTTE ST @ RIDEAU ST,34911,4.71%,842,105,01-Dec-15
-75.5124272915533,45.4754720903389,171,171,CHARTRAND AVE @ KENNEDY LANE,3221,3.22%,37,0,17-Dec-15
-75.7370522549097,45.3986084828544,172,172,CLARENDON AVE @ WELLINGTON ST,14823,4.58%,1496,134,08-Dec-15
-75.6763553258734,45.4062678475051,173,173,CLEGG ST @ MAIN ST,23555,2.48%,331,7,28-Jan-15
-75.6740052283148,45.3810275310196,174,174,CLEMENTINE BLVD @ GUERTIN AVE,1892,7.54%,81,38,20-Aug-15
-75.6733464581558,45.3789170667705,175,175,CLEMENTINE BLVD @ SECORD AVE,2455,6.01%,44,26,20-Aug-15
-75.7757129980934,45.2652575995343,176,176,COBBLE HILL DR @ KENNEVALE DR,2758,6.69%,44,5,01-Dec-15
-75.6819661834246,45.4361436877186,177,177,COBOURG ST @ ST. PATRICK ST,32931,2.85%,390,631,06-Aug-15
-75.6830910135584,45.4204351260555,178,178,COLONEL BY DR @ OTTAWA UNIV. PED. XING,16980,0.22%,4880,574,08-Dec-15
-75.7013512679077,45.3788292105426,179,179,COLONEL BY DR @ UNIVERSITY RD - CARLETON,21811,0.30%,670,13,01-Dec-15
-75.6923520796298,45.4242264292644,180,180,COLONEL BY DR/MACKENZIE AVE @ DALY AVE,18142,1.46%,789,160,09-Apr-15
-75.6792879956943,45.4165744363032,181,181,CONCORD ST @ GREENFIELD AVE,6163,2.50%,443,110,08-Oct-15
-75.620644151148,45.3669486439262,182,182,CONROY RD @ 212 N OF HUNTCLUB RD,17954,3.31%,183,43,01-Sep-15
-75.6095781071656,45.348121102538,183,183,CONROY RD @ DAVIDSON RD N,13355,5.19%,0,13,11-Jun-15
-75.6196503313,45.3651977875989,184,184,CONROY RD @ HUNT CLUB RD,41426,5.38%,26,30,17-Sep-15
-75.6196503313,45.3651977875989,185,185,CONROY RD @ HUNT CLUB RD,38838,4.89%,33,47,16-Jul-15
-75.6242083077203,45.37336700085,186,186,CONROY RD @ JOHNSTON RD,28899,3.08%,139,49,15-Oct-15
-75.612746891668,45.3535900057015,187,187,CONROY RD @ KINGSDALE AVE,12385,4.46%,12,10,30-Apr-15
-75.6220804261006,45.3694788010518,188,188,CONROY RD @ LORRY GREENBERG DR,22871,3.88%,184,49,01-Sep-15
-75.6123366007346,45.3528939109578,189,189,CONROY RD @ QUEENSDALE AVE,12447,4.98%,2,6,30-Apr-15
-75.6131198921902,45.3542228096592,190,190,CONROY RD @ ROSEBELLA AVE,13727,4.24%,4,9,30-Apr-15
-75.6282630623858,45.3810544551069,191,191,CONROY RD @ ST. LAURENT BLVD,27785,3.11%,338,136,01-Sep-15
-75.6265871509323,45.3777491058887,192,192,CONROY RD @ THURSTON DR,29394,2.81%,120,154,01-Sep-15
-75.6093296799933,45.3476872289485,193,193,CONROY RD S @ DAVIDSON RD,12414,5.39%,0,11,25-Jun-15
-75.7661622733544,45.350127013581,194,194,CONSTELLATION CRES @ BASELINE RD,33033,1.98%,293,5,03-Mar-15
-75.5182087829257,45.4343109477865,195,195,CONTOUR ST N @ TRAILSEDGE WAY,922,2.96%,63,8,03-Nov-15
-75.9147883747284,45.2854455318037,196,196,CORIOLIS CRT/GALLANTRY WAY @ HUNTMAR DR,11143,1.96%,117,26,20-Aug-15
-75.8256162915934,45.3463339467006,197,197,CORKSTOWN RD @ HORNER DR,1851,8.85%,34,130,18-Jun-15
-75.6359188307093,45.4084437538714,198,198,CORONATION AVE @ RUSSELL RD,11211,4.14%,79,80,11-Jun-15
-75.6582286264859,45.4213446154556,199,199,COVENTRY RD @ VANIER PKWY,65963,1.91%,198,4,17-Dec-15
-75.7559941575421,45.3324306668623,200,200,CRAIG HENRY DR @ KNOXDALE RD,10932,2.68%,86,5,15-Jan-15
-75.7091303933538,45.2749133080906,201,201,CRESTHAVEN DR @ FAIRPARK DR/TIMBERLINE PRIV S,1673,9.60%,82,19,10-Jun-15
-75.7079624601523,45.2810223006635,202,202,CRESTHAVEN DR @ WATERBRIDGE DR,2301,5.77%,90,30,30-Jul-15
-75.7155544609542,45.2765086951502,203,203,CRESTWAY DR @ STRANDHERD DR,28355,2.72%,195,2,10-Mar-15
-75.8485182657137,45.2777250939003,204,204,CROWNRIDGE DR @ GRASSY PLAINS DR,4953,3.27%,61,1,25-Mar-15
-75.8465193184191,45.2729230220145,205,205,CROWNRIDGE DR @ HOPE SIDE RD,8864,3.92%,2,24,30-Jun-15
-75.8465193184191,45.2729230220145,206,206,CROWNRIDGE DR @ HOPE SIDE RD,8529,5.44%,9,6,16-Sep-15
-75.6906336181946,45.4318091348036,207,207,CUMBERLAND ST @ ST. PATRICK ST,9373,3.38%,1063,15,10-Feb-15
-75.6889504516046,45.4297544964884,208,208,CUMBERLAND ST @ YORK ST,7650,4.01%,2185,113,09-Apr-15
-75.6359640671008,45.4339642766858,209,209,CUMMINGS AVE @ GARDENVALE RD,6262,3.26%,409,7,11-Mar-15
-75.6024480019118,45.4164913916918,210,210,CYRVILLE RD @ INNES RD,50533,3.98%,111,6,19-Feb-15
-75.6002598175535,45.1158578507949,211,211,DALMENY RD @ NIXON DR,3319,5.92%,0,3,08-Dec-15
-75.6002598175535,45.1158578507949,212,212,DALMENY RD @ NIXON DR,1892,6.41%,0,1,19-Feb-15
-75.6367584278003,45.3490946335151,213,213,D'AOUST AVE @ TIMBERMILL ST,2849,2.75%,210,24,16-Sep-15
-75.681026554837,45.3776045813064,214,214,DATA CENTRE RD @ HERON RD,35734,4.77%,24,72,04-Jun-15
-75.741424912781,45.349585512136,215,215,DAVID DR @ ROWLEY AVE,1226,1.74%,68,30,22-Oct-15
-75.7014876368666,45.3308749191508,216,216,DEAKIN ST @ PRINCE OF WALES DR,33554,2.53%,15,125,07-May-15
-75.7014876368666,45.3308749191508,217,217,DEAKIN ST @ PRINCE OF WALES DR,33239,2.17%,6,10,03-Feb-15
-75.7296418898524,45.2775008428772,218,218,DEERFOX DR @ PALMADEO DR/GATESBURY ST,1649,2.06%,84,2,20-Jan-15
-75.6685802961435,45.4362917433888,219,219,DESCHAMPS AVE @ VANIER PKWY,30062,1.56%,149,40,16-Jul-15
-75.6685802961435,45.4362917433888,220,220,DESCHAMPS AVE @ VANIER PKWY,29956,1.55%,164,12,09-Apr-15
-75.4847903141195,45.4246935759675,221,221,DIAMOND WAY @ NAVAN RD,7584,8.58%,11,3,08-Oct-15
-76.0113806351462,45.342234698976,222,222,DONALD B. MUNRO DR/OLD CARP RD W @ MARCH RD,8514,5.45%,2,34,04-Jun-15
-75.6385412099852,45.4290484875362,223,223,DONALD ST @ 110 E OF ST. LAURENT BLVD,19119,2.49%,551,2,11-Feb-15
-75.6369343220608,45.4290043688147,224,224,DONALD ST @ ELAINE DR,11150,3.00%,402,4,25-Feb-15
-75.6628003103537,45.4273071717568,225,225,DONALD ST @ VANIER PKWY,44539,1.50%,219,66,30-Jul-15
-75.7676963616222,45.3787058799177,226,226,DOVERCOURT AVE @ SHERBOURNE RD,4826,3.70%,207,122,01-Oct-15
-75.5977060050432,45.1480453778445,227,227,DREW HENRY DR @ PHILIP ST,876,0.94%,27,41,02-Jul-15
-75.4826542641607,45.4639264585496,228,228,DU BUISSON CRES W @ GARDENWAY DR W,2167,6.97%,35,38,02-Sep-15
-75.4991900685168,45.4587994393256,229,229,DU GRAND BOIS AVE @ DES PINS PL/PARK GROVE DR,1158,6.92%,45,2,17-Dec-15
-75.5190037481944,45.4554349518797,230,230,DUCLOS AVE/BARRINGTON ST @ VISENEAU DR,3551,4.94%,183,19,06-Oct-15
-75.5190037481944,45.4554349518797,231,231,DUCLOS AVE/BARRINGTON ST @ VISENEAU DR,3331,4.87%,170,21,07-Oct-15
-75.5190037481944,45.4554349518797,232,232,DUCLOS AVE/BARRINGTON ST @ VISENEAU DR,3245,4.09%,103,48,08-Jul-15
-75.6808213804184,45.4441610607739,233,233,DUFFERIN RD @ LISGAR RD/RIDEAU TER,3164,1.73%,49,25,24-Nov-15
-75.722484576879,45.4028026536708,234,234,DUHAMEL ST @ FAIRMONT AVE,1649,7.55%,287,112,13-Aug-15
-75.7319710926789,45.2464848517814,235,235,DUNDONALD DR @ GREENBANK RD,8390,4.49%,85,36,04-Jun-15
-75.309774067019,45.3441478591426,236,236,DUNNING RD @ RUSSLAND RD,2781,3.65%,0,0,28-Oct-15
-75.95896634398,45.3732570128263,237,237,DUNROBIN RD @ MARCH RD,13818,5.51%,1,0,25-Nov-15
-75.4714428753975,45.4781325544381,238,238,DUPLANTE AVE @ SENATEURS WAY,486,3.71%,20,13,14-May-15
-75.9057796068122,45.0790764919678,239,239,DWYER HILL RD @ O'NEIL RD,1457,4.72%,0,1,04-Nov-15
-75.8602226113679,45.2740027481397,240,240,EAGLESON RD @ EMERALD MEADOWS DR,10521,3.26%,31,6,13-May-15
-75.8847410752114,45.3184234064965,241,241,EAGLESON RD @ HWY 417 EAGLESO IC138R51,50097,3.25%,1616,6,08-Dec-15
-75.8825217406875,45.314377156823,242,242,EAGLESON RD @ KATIMAVIK RD/TIMM DR,43707,3.25%,32,10,01-Dec-15
-75.8725802189576,45.2964334139043,243,243,EAGLESON RD @ PALOMINO DR N,31088,2.42%,59,3,03-Mar-15
-75.8225955104216,45.2046561084896,244,244,EAGLESON RD @ PERTH ST/RICHMOND RD,13128,3.78%,2,18,12-Aug-15
-75.7000317440712,45.2693213579585,245,245,EARL ARMSTRONG RD @ RIVER RD,37690,4.01%,60,26,30-Sep-15
-75.7000317440712,45.2693213579585,246,246,EARL ARMSTRONG RD @ RIVER RD,32815,4.09%,91,42,13-May-15
-75.5162732508169,45.4742396755412,247,247,EDGAR BRAULT ST @ RIDGEGATE ST,1336,3.07%,22,29,21-May-15
-75.6892671546581,45.4165557094523,248,248,ELGIN ST @ GILMOUR ST,15507,4.09%,3839,424,09-Sep-15
-75.6053110181255,45.1447755592272,249,249,ELIZABETH ST @ PHILIP ST,1252,2.62%,22,27,03-Jun-15
-75.9184764846654,45.2564113063397,250,250,ELM CRES N @ STITTSVILLE MAIN ST,13344,3.67%,80,10,27-May-15
-75.4992820185416,45.4839602527258,251,251,ERIC CZAPNIK WAY @ ST. JOSEPH BLVD,8456,4.45%,40,6,23-Apr-15
-75.472809248915,45.45340893365,252,252,ESPRIT DR @ BLACKBURN BYPASS,11207,4.42%,230,1,31-Mar-15
-75.7210106456052,45.4003719590497,253,253,FAIRMONT AVE @ EDGAR ST,2806,2.28%,208,23,13-Jan-15
-75.7210106456052,45.4003719590497,254,254,FAIRMONT AVE @ EDGAR ST,2544,2.51%,402,264,07-Oct-15
-75.792963860582,45.2714390991428,255,255,FALLOWFIELD RD @ HWY 416 FALLOWFI IC66R24,21722,6.71%,2,9,04-Jun-15
-75.8028858664276,45.2695637489762,256,256,FALLOWFIELD RD @ MOODIE DR,26658,13.78%,1,4,02-Sep-15
-75.8028858664276,45.2695637489762,257,257,FALLOWFIELD RD @ MOODIE DR,24523,9.50%,2,4,31-Mar-15
-75.726418944974,45.2570275749648,258,258,FENCEROW WAY @ GOLFLINKS DR,3262,2.51%,33,0,01-Apr-15
-75.9051159383777,45.2521607859765,259,259,FERNBANK RD @ LIARD ST,7475,4.87%,98,31,07-Oct-15
-75.9122880304694,45.247906945272,260,260,FERNBANK RD @ STITTSVILLE MAIN ST,9321,6.56%,57,6,09-Dec-15
-75.6834947971558,45.4033238170252,261,261,FIFTH AVE @ O'CONNOR ST,3898,3.78%,511,263,15-Apr-15
-75.7153583801762,45.3694496888453,262,262,FISHER AVE @ MALIBU TER,20321,3.93%,161,158,21-May-15
-75.5418632420774,45.4570418392219,263,263,FOREST VALLEY DR @ FORESTGLEN CRES S,5891,2.47%,48,67,02-Sep-15
-75.5371950945033,45.4751437250606,264,264,FORTUNE DR @ ST. JOVITE RDG N,2926,3.72%,17,1,01-Dec-15
-75.5436086411253,45.4710312813304,265,265,FORTUNE DR @ ST. MORITZ CRT E,2326,4.15%,91,0,17-Dec-15
-75.7184377796209,45.1333666783507,266,266,FOURTH LINE RD @ PRINCE OF WALES DR,4785,5.31%,1,1,12-Nov-15
-75.8417533314958,45.1925385667162,267,267,FOWLER ST/NIXON FARM DR @ PERTH ST,8663,3.82%,73,14,12-Aug-15
-75.4418892954139,45.4737001014942,268,268,FRANK KENNY RD W @ INNES RD,10383,6.63%,0,51,07-Jul-15
-75.9139535670237,45.3024340287426,269,269,FRANK NIGHBOR PL @ SILVER SEVEN RD,8222,1.85%,2,0,20-Jan-15
-75.7589707535696,45.3790635556135,270,270,FRASER AVE @ TILLBURY AVE,1887,1.91%,69,70,11-Aug-15
-75.6649591367976,45.4030977279733,271,271,FROBISHER LANE @ OLD RIVERSIDE DR,2640,2.97%,3,5,25-Feb-15
-75.7723624535555,45.354376077663,272,272,GATEWAY RD @ IRIS ST,4018,3.92%,191,125,29-Jul-15
-75.6979024142371,45.4103805793981,273,273,GLADSTONE AVE @ LYON ST,19443,2.16%,752,124,02-Dec-15
-75.7119427376312,45.4046360736786,274,274,GLADSTONE AVE @ PRESTON ST,24469,6.06%,1651,129,02-Dec-15
-75.7119427376312,45.4046360736786,275,275,GLADSTONE AVE @ PRESTON ST,22228,6.01%,1382,440,09-Jun-15
-75.6889602349257,45.3903062626897,276,276,GLEN AVE @ SENECA ST,1542,6.16%,253,74,18-Nov-15
-75.7578349719522,45.3887748074014,277,277,GOLDEN AVE @ RAVENHILL AVE,850,3.47%,88,73,25-Aug-15
-75.3613539497232,45.3899374072653,278,278,GOLF COURSE RD/WHISPERING WILLOW DR S @ MCNEELY,575,4.85%,4,2,25-Aug-15
-75.7199327096876,45.2507916218889,279,279,GOLFLINKS DR E @ JOCKVALE RD,11754,2.48%,4,8,07-Jul-15
-75.9304067053316,45.3425325795704,280,280,GOULBOURN FORCED RD @ INNOVATION DR,8977,2.99%,199,48,01-Oct-15
-75.9262898283483,45.3216972881022,281,281,GOULBOURN FORCED RD @ KANATA AVE,8230,3.54%,164,76,25-Jun-15
-75.9441126097675,45.3528021139084,282,282,GOWARD DR @ HALTON TER,1789,5.90%,299,0,25-Mar-15
-75.9501845638245,45.3493216960698,283,283,GOWARD DR @ OLD SECOND LINE RD,4023,2.73%,10,46,27-May-15
-75.7289495698416,45.3489825376989,284,284,GRANT CARMAN DR @ FAMILY BROWN LANE,5551,0.97%,114,101,03-Jun-15
-75.7310357736614,45.352476657799,285,285,GRANT CARMAN DR @ MEADOWLANDS DR,18965,2.09%,432,3,21-Jan-15
-76.1492947547106,45.3792108655688,286,286,GRANTS SIDE RD @ JOHN SHAW RD,125,18.35%,0,0,18-Nov-15
-75.8464607320896,45.2798767970942,287,287,GRASSY PLAINS DR @ MEADOWBREEZE DR E,4933,3.51%,49,0,25-Mar-15
-75.7058871268406,45.3775551040759,288,288,GREEN VALLEY CRES @ PRINCE OF WALES DR,25358,1.79%,70,5,13-Jan-15
-75.7797951890634,45.3268419325324,289,289,GREENBANK RD @ BELLMAN DR/BATEMAN DR,28053,3.22%,330,1,24-Feb-15
-75.7490089449905,45.2749814961927,290,290,GREENBANK RD @ BERRIGAN DR/WESSEX RD,35143,2.54%,192,6,08-Dec-15
-75.7816691001493,45.3299763039604,291,291,GREENBANK RD @ CANFIELD RD/CRAIG HENRY DR,30174,2.86%,366,1,24-Feb-15
-75.7887894053156,45.3475503494077,292,292,GREENBANK RD @ IRIS ST/HWY 417 GREENBA IC129R5,51742,2.86%,821,13,01-Apr-15
-75.7885384734259,45.3437783179349,293,293,GREENBANK RD @ LISA AVE,35722,2.61%,407,2,03-Mar-15
-75.5366646547492,45.4672384968403,294,294,GREY NUNS DR @ LUMBERMAN WAY,3325,2.91%,131,5,22-Oct-15
-75.4883854499724,45.3779234776256,295,295,HALL RD S @ RUSSELL RD,4894,4.59%,0,0,28-Oct-15
-75.664931938685,45.439614926206,296,296,HANNAH ST @ MARIER AVE,4560,3.99%,65,158,02-Sep-15
-75.6840656458733,45.4113174390261,297,297,HAWTHORNE AVE/ISABELLA ST @ QUEEN ELIZABETH DR,34050,1.59%,694,57,06-Jan-15
-75.6840656458733,45.4113174390261,298,298,HAWTHORNE AVE/ISABELLA ST @ QUEEN ELIZABETH DR,28326,1.53%,1426,436,15-Apr-15
-75.5972497572851,45.3740416587414,299,299,HAWTHORNE RD @ HUNT CLUB RD,45481,11.41%,6,4,17-Sep-15
-75.5782423370697,45.3406195287609,300,300,HAWTHORNE RD @ LEITRIM RD,18832,15.19%,3,0,15-Oct-15
-75.558646064571,45.3065432915503,301,301,HAWTHORNE RD @ RIDEAU RD,8102,23.32%,0,0,02-Jul-15
-75.6075844517492,45.392955130011,302,302,HAWTHORNE RD/RUSSELL RD @ WALKLEY RD,50969,11.74%,71,23,17-Sep-15
-75.9215208233597,45.2770654021093,303,303,HAZELDEAN RD @ JOHNWOODS ST/VICTOR ST,32383,3.27%,58,3,01-Dec-15
-75.9255036229164,45.2745613636862,304,304,HAZELDEAN RD @ SPRINGBROOK DR,32859,3.40%,31,3,01-Dec-15
-75.9157080168484,45.3525292457347,305,305,HELMSDALE DR @ TERRY FOX DR,8452,2.50%,208,113,04-Jun-15
-75.7045244435477,45.4018871250566,306,306,HENRY ST @ LEBRETON ST,2042,2.25%,121,46,18-Nov-15
-75.638523108027,45.380449774963,307,307,HERON RD @ WALKLEY RD,39291,4.01%,8,5,03-Dec-15
-75.546747396813,45.48057802448,308,308,HIAWATHA PARK RD @ ST. LOUIS DR,2220,8.69%,42,0,18-Feb-15
-75.9225920486822,45.3443554759885,309,309,HINES RD @ INNOVATION DR,6349,2.84%,116,21,22-Oct-15
-75.7349433269691,45.404389543927,310,310,HOLLAND AVE @ YARROW ST,6785,13.39%,5368,157,22-Sep-15
-75.7343517418374,45.4037376718022,311,311,HOLLAND AVE/TUNNEY'S PASTURE @ SCOTT ST,22913,6.97%,6620,375,22-Sep-15
-75.8352790920056,45.2773968518248,312,312,HOPE SIDE RD @ RICHMOND RD,12041,4.30%,2,24,18-Jun-15
-75.6317306583867,45.3599180155398,313,313,HUNT CLUB RD @ LORRY GREENBERG DR/SABLE RIDGE,34618,5.07%,167,22,17-Sep-15
-75.614126852809,45.3673957618846,314,314,HUNT CLUB RD @ MALAK ST,29528,5.77%,9,10,17-Sep-15
-75.6256549009534,45.3624003083429,315,315,HUNT CLUB RD @ PIKE ST/MAPLE PARK PRIV,30784,4.84%,65,28,17-Sep-15
-75.693193006903,45.334614133445,316,316,HUNT CLUB RD @ RIVERSIDE DR,79086,3.59%,72,82,30-Sep-15
-75.8370093601955,45.1955527662213,317,317,HUNTLEY RD @ PERTH ST,14655,3.19%,30,12,02-Sep-15
-75.9203671615192,45.2889116066182,318,318,HUNTMAR DR @ MAPLE GROVE RD,15614,3.96%,122,12,21-Oct-15
-75.9203671615192,45.2889116066182,319,319,HUNTMAR DR @ MAPLE GROVE RD,15057,3.95%,61,53,24-Jun-15
-75.9464167802176,45.3094586060744,320,320,HUNTMAR DR @ RICHARDSON SIDE RD,12306,2.68%,0,29,30-Jun-15
-75.9029408752217,45.3114201393881,321,321,HWY 417 CASTLEFR IC139R61 @ KANATA AVE,18534,5.03%,15,2,03-Mar-15
-75.8408915680333,45.3364345246828,322,322,HWY 417 MOODIE IC134R52 @ MOODIE DR,17679,3.59%,1,26,15-Oct-15
-75.9358238214417,45.2920931274246,323,323,HWY 417 PALLADI IC142R36 @ PALLADIUM DR,8154,9.71%,0,0,04-Mar-15
-75.634564069739,45.4193578735638,324,324,HWY 417 ST.LAURE IC115R51 @ ST. LAURENT BLVD,44973,6.13%,91,2,04-Feb-15
-75.9102003050984,45.3043368946092,325,325,HWY 417 TERRYFO IC140R52 @ TERRY FOX DR,51261,3.12%,36,3,01-Dec-15
-75.6566815477433,45.4194063310662,326,326,HWY 417 VANIER IC117R63 @ VANIER PKWY,66011,3.73%,58,22,16-Jul-15
-75.658258423755,45.4121740437198,327,327,INDUSTRIAL AVE @ RIVERSIDE DR,70374,4.33%,204,13,27-Jan-15
-75.6355497746443,45.4091878541973,328,328,INDUSTRIAL AVE @ RUSSELL RD,25953,6.31%,73,5,25-Nov-15
-75.6454752138751,45.4116014338539,329,329,INDUSTRIAL AVE @ TRAINYARDS DR,25633,5.72%,178,2,19-Feb-15
-75.6274890683319,45.4066609304715,330,330,INDUSTRIAL AVE/INNES RD @ ST. LAURENT BLVD,53999,5.71%,188,73,29-Jul-15
-75.6049270018549,45.4154053493477,331,331,INNES RD @ 215 W OF CYRVILLE RD/HOME DEPOT W,58129,4.86%,25,5,24-Nov-15
-75.7663097958371,45.3575679336015,332,332,IRIS ST @ WOODROFFE AVE,47773,2.14%,225,12,21-Jan-15
-75.6887881999492,45.4098482937898,333,333,ISABELLA ST/HWY 417 O'CONN IC119BR57 @ O'CONNOR,30861,3.13%,686,12,17-Dec-15
-75.7421925421062,45.3972388990466,334,334,ISLAND PARK DR @ RICHMOND RD,25490,2.30%,815,186,18-Nov-15
-75.5425389261169,45.4662260718229,335,335,JEANNE D'ARC BLVD @ GREY NUNS DR/YOUVILLE DR,26075,2.83%,489,3,25-Nov-15
-75.7541659133314,45.2704888553396,336,336,JOCKVALE RD @ EXETER DR/TARTAN DR,16377,2.25%,78,14,10-Jun-15
-75.7644576455402,45.2738851672548,337,337,JOCKVALE RD @ FABLE ST/WEYBRIDGE DR E,15268,2.59%,271,22,10-Jun-15
-75.7113390735178,45.2470020892628,338,338,JOCKVALE RD/RIDEAU VALLEY DR @ PRINCE OF WALES,26352,3.49%,1,14,01-Oct-15
-75.523501180155,45.4242913026613,339,339,JODI CRT @ KEITH CRES,156,4.20%,24,15,21-May-15
-75.6290352400517,45.3694465322745,340,340,JOHNSTON RD @ 65 W OF ALLANFORD AVE,6834,2.34%,58,7,02-Dec-15
-75.9295479243668,45.2582622178566,341,341,JONATHAN PACK ST @ STITT ST,916,3.58%,89,73,24-Jun-15
-75.919848927326,45.3160429122684,342,342,KANATA AVE @ GOLDRIDGE DR/EVANSHEN PL,12547,2.10%,194,64,25-Jun-15
-75.9320019626563,45.3170269109415,343,343,KANATA AVE @ RICHARDSON SIDE RD,6660,4.68%,26,32,27-May-15
-75.6706502669394,45.3860425070464,344,344,KILBORN AVE @ KILBORN PL/LAMIRA ST,7394,3.00%,398,225,10-Jun-15
-75.6921971289075,45.3422487403065,345,345,KIMBERWICK CRES @ TATTERSALL WAY,1089,3.57%,68,20,28-May-15
-75.3748208112816,45.5118127920968,346,346,KINSELLA DR @ QUILLIVAN LANE,483,3.05%,5,2,23-Jun-15
-75.6607743448926,45.3663661894805,347,347,KITCHENER AVE @ BANK ST,32689,3.27%,496,74,16-Jul-15
-75.9325146789972,45.3550961080164,348,348,KLONDIKE RD @ MARCH RD,24276,2.77%,104,0,03-Feb-15
-75.9269436953689,45.3586757801571,349,349,KLONDIKE RD @ MARCONI AVE,3868,5.59%,541,37,27-May-15
-75.772102256951,45.3228967176315,350,350,KNOXDALE RD @ WEST HUNT CLUB RD,33110,3.21%,0,0,04-Mar-15
-75.6343853230365,45.4218581421342,351,351,LABELLE ST/RAMP @ LEMIEUX ST/HWY417 IC115 RAMP,13063,1.99%,82,0,18-Feb-15
-75.6811440782567,45.4260633517578,352,352,LAURIER AVE @ NELSON ST,10412,3.08%,4172,70,10-Feb-15
-75.5026177005015,45.4899374945421,353,353,LAWLER CRES W @ WINCANTON DR W,707,3.48%,68,31,04-Jun-15
-75.521093342699,45.4684198479921,354,354,LEBLANC DR @ MICHAELSEM ST E,621,4.11%,71,1,28-Jan-15
-75.6773990893978,45.4189920360088,355,355,LEES AVE @ KING EDWARD AVE/MANN AVE,29997,6.30%,223,8,06-Jan-15
-75.6797277105707,45.4120520134275,356,356,LEES AVE @ MAIN ST/GRAHAM AVE,23399,3.13%,812,29,28-Jan-15
-75.6797277105707,45.4120520134275,357,357,LEES AVE @ MAIN ST/GRAHAM AVE,10900,5.40%,586,112,09-Dec-15
-75.9209237767126,45.3494712314242,358,358,LEGGET DR @ TERRY FOX DR,11524,2.18%,202,114,30-Jun-15
-75.623739732779,45.3203683639704,359,359,LEITRIM RD @ ALBION RD,28143,4.20%,62,0,27-Jan-15
-75.6940182774008,45.2917136487523,360,360,LEITRIM RD @ RIVER RD,13548,2.31%,0,8,13-May-15
-75.6362944251545,45.4223585243438,361,361,LEMIEUX ST @ ST. LAURENT BLVD,61277,4.89%,362,9,17-Dec-15
-75.6362944251545,45.4223585243438,362,362,LEMIEUX ST @ ST. LAURENT BLVD,47254,4.44%,118,4,04-Feb-15
-75.7179672274422,45.2829082043635,363,363,LEWISTON AVE @ MARKLAND CRES,741,5.68%,18,0,06-Jan-15
-75.6886960876673,45.3213705126007,364,364,LIMEBANK RD @ RIVER RD/RIVERSIDE DR,27292,2.75%,4,84,13-May-15
-75.603911296346,45.1505149826609,365,365,LOGAN FARM DR @ LOMBARDY DR,713,6.13%,25,2,17-Dec-15
-76.1998105075244,45.4003308637375,366,366,LOGGERS WAY @ RABBIT PATH,311,7.61%,0,0,17-Nov-15
-76.2363643244575,45.428469978723,367,367,LOGGERS WAY @ RIDDLEDALE RD,248,23.50%,0,0,17-Nov-15
-75.6522858862549,45.4245390260023,368,368,LOLA ST @ PRINCE ALBERT ST,4654,4.33%,300,92,08-Oct-15
-75.7348956416681,45.2652051455321,369,369,LONGFIELDS DR @ PAUL METIVIER DR,12438,3.20%,49,46,30-Apr-15
-75.7032308718739,45.3312020434172,370,370,MACFARLANE RD @ DEAKIN ST,12560,2.66%,27,64,07-May-15
-76.2682096172922,45.41648099906,371,371,MACHARDY RD @ GALETTA SIDE RD,2468,7.16%,0,1,17-Nov-15
-76.2682096172922,45.41648099906,372,372,MACHARDY RD @ GALETTA SIDE RD,2468,7.16%,0,1,17-Nov-15
-75.6785564058417,45.4397137219363,373,373,MACKAY ST @ VAUGHAN ST,3047,3.23%,462,172,02-Sep-15
-75.6876202007497,45.4249852314863,374,374,MACKENZIE KING BR/WALLER ST @ NICHOLAS ST,21455,24.06%,5721,36,09-Apr-15
-75.6744037384656,45.4027526924219,375,375,MAIN ST @ RIVERDALE AVE,28084,2.30%,91,12,28-Jan-15
-75.7540658765082,45.3694839846228,376,376,MAITLAND AVE/HWY 417 MAITLAND IC126R53 @ HWY 417,40338,1.80%,16,0,13-Jan-15
-75.7551134782356,45.3713715568876,377,377,MAITLAND AVE/HWY 417 MAITLAND IC126R62 @ HWY 417,30597,2.16%,32,43,12-Aug-15
-75.5098925633306,45.4734074608725,378,378,MAJOR RD @ TOMPKINS AVE,2773,3.74%,96,0,17-Dec-15
-75.9089571344049,45.3365107277831,379,379,MARCH RD @ 280 S OF CARLING AVE/GATEWAY MALL S,39932,1.92%,215,16,10-Mar-15
-75.9052693942789,45.3344212189172,380,380,MARCH RD @ RICHARDSON SIDE RD,41465,2.22%,65,1,11-Feb-15
-75.9169844806173,45.3428595307599,381,381,MARCH RD @ SOLANDT RD,59816,2.13%,167,20,08-Dec-15
-75.9135039972663,45.3525018280772,382,382,MARCH VALLEY RD @ TERRY FOX DR,10478,1.24%,131,152,04-Jun-15
-75.6326484783691,45.3662250408868,383,383,MARGRAVE AVE @ ZAIDAN DR,4756,1.65%,141,25,24-Jun-15
-75.7418932048522,45.2703015844307,384,384,MARKETPLACE AVE @ RIOCAN AVE,11266,4.15%,768,12,30-Apr-15
-75.4732104487522,45.463844562926,385,385,MARSHFIELD ST @ LICHEN AVE,806,3.16%,3,0,07-Jan-15
-75.8354520156729,45.1915751710917,386,386,MARTIN ST @ MCBEAN ST,3782,2.47%,108,19,12-Aug-15
-75.6052637106438,45.4169994136828,387,387,MAXIME ST @ CYRVILLE RD,14513,4.03%,67,50,03-Nov-15
-75.6052637106438,45.4169994136828,388,388,MAXIME ST @ CYRVILLE RD,13991,4.12%,71,89,26-May-15
-75.6528806032843,45.431861280833,389,389,MCARTHUR AVE @ IRWIN MILLER ST,13966,4.15%,479,96,26-May-15
-75.6605471105246,45.4313300586012,390,390,MCARTHUR AVE @ OLMSTEAD ST,12681,3.23%,281,123,29-Jul-15
-75.6639329036611,45.431094901318,391,391,MCARTHUR AVE @ VANIER PKWY,49686,2.07%,1236,153,16-Jul-15
-75.8389068768763,45.1943579068243,392,392,MCBEAN ST @ PERTH ST,11760,2.73%,88,9,12-Aug-15
-75.6625848589663,45.3493408600823,393,393,MCCARTHY RD @ PLANTE DR S,7907,5.02%,52,2,13-Jan-15
-75.911466392689,45.0373344087061,394,394,MCKENNA RD @ MONTAGUE BOUNDARY RD,98,9.29%,1,0,17-Nov-15
-75.7335201190486,45.3509095743737,395,395,MEADOWLANDS DR @ MERIVALE RD,54526,2.76%,768,12,09-Dec-15
-75.7566330083376,45.3421085068659,396,396,MEADOWLANDS DR/TALLWOOD DR @ WOODROFFE AVE,47540,4.40%,554,2,03-Feb-15
-75.733356719896,45.3875783220494,397,397,MERIVALE RD @ 112 N OF CARLING AVE/WESTGATE SC,15536,1.75%,61,27,01-Dec-15
-75.7324444029007,45.3491228903599,398,398,MERIVALE RD @ 210 S OF MEADOWLANDS DR,29193,3.20%,182,6,19-Feb-15
-75.7173827682589,45.3229663757978,399,399,MERIVALE RD @ MACFARLANE RD,20780,4.13%,13,34,28-May-15
-75.697946943976,45.4234829666309,400,400,METCALFE ST @ WELLINGTON ST,20679,11.46%,3066,3,10-Feb-15
-75.4387717328805,45.4179581065474,401,401,METEOR AVE @ MUSTANG ST,550,8.64%,16,1,04-Jun-15
-75.6481210607422,45.2457653738338,402,402,MITCH OWENS RD @ DOZOIS RD/LIMEBANK RD,18227,8.93%,2,3,01-Oct-15
-75.5786489174369,45.2761823593402,403,403,MITCH OWENS RD @ OLD PRESCOTT RD,14946,9.89%,0,0,02-Dec-15
-75.6003247189081,45.2667803555335,404,404,MITCH OWENS RD @ STAGECOACH RD,18480,9.47%,0,7,02-Dec-15
-75.6759862146657,45.2339291544722,405,405,MITCH OWENS RD/BRIDGE ST @ RIVER RD,25301,6.59%,23,4,30-Sep-15
-75.6879863970319,45.4007179306573,406,406,MONK ST @ THORNTON AVE,1509,2.61%,535,239,14-May-15
-75.6442472117256,45.4419623702295,407,407,MONTREAL RD @ 46 E OF HILLSIDE DR/MONTREAL SQUARE,32534,2.57%,1345,3,18-Feb-15
-75.5941988563898,45.4473545631216,408,408,MONTREAL RD @ OGILVIE RD,29495,3.17%,704,57,16-Jul-15
-75.6657769174146,45.4344689045468,409,409,MONTREAL RD @ VANIER PKWY,49635,2.19%,1802,328,16-Jul-15
-75.8227850284658,45.3044369325758,410,410,MOODIE DR @ WEST HUNT CLUB RD,22674,4.10%,1,1,04-Mar-15
-75.7610151872319,45.3489966316356,411,411,NAVAHO DR @ WOODROFFE AVE/TRANSITWAY N BASELINE,36819,2.09%,1690,4,21-Jan-15
-75.5177205542257,45.4306507520127,412,412,NAVAN RD @ PAGE RD,11258,9.53%,20,7,03-Jun-15
-75.465509560563,45.4217489404606,413,413,NAVAN RD @ TENTH LINE RD,9515,8.18%,0,0,25-Nov-15
-75.683991717013,45.4295155038329,414,414,NELSON ST @ RIDEAU ST,19119,7.54%,5900,48,01-Dec-15
-75.698072393472,45.4173287513756,415,415,NEPEAN ST @ BANK ST,9973,8.02%,10107,848,17-Jun-15
-75.4690082743805,45.4682247089868,416,416,NESTING WAY N @ PETITE LANE N,485,2.63%,17,2,24-Nov-15
-75.4704707702818,45.453531154314,417,417,NESTLETON ST @ CORBRIDGE ST,516,4.23%,2,0,28-Jan-15
-75.7501921668544,45.3409055791962,418,418,NORICE ST @ SULLIVAN AVE,2789,1.63%,48,0,18-Feb-15
-75.9196877463492,45.2555848461628,419,419,NORWAY SPRUCE ST N @ ELM CRES N,1724,1.81%,4,28,04-Jun-15
-75.5687155882958,45.2593189083592,420,420,OLD PRESCOTT RD @ PARKWAY RD,6451,6.32%,0,0,02-Dec-15
-75.7611951898884,45.3919741303388,421,421,OTTAWA RIVER PKWY @ TRANSITWAY -  SCOTT ST,27956,8.04%,525,0,03-Feb-15
-75.7183690769639,45.414469880667,422,422,OTTAWA RIVER PKWY @ VIMY PLACE PRIV,48782,2.65%,266,50,22-Sep-15
-75.7621750311528,45.3912037456356,423,423,OTTAWA RIVER PKWY WB @ TRANSITWAY,40590,7.19%,643,0,08-Dec-15
-75.7234037168136,45.3450100682562,424,424,OVERLAKE DR @ VIEWMOUNT DR,8168,4.41%,130,57,13-May-15
-75.9102640155203,45.2994238748124,425,425,PALLADIUM DR @ SILVER SEVEN RD,24343,1.42%,69,4,25-Nov-15
-75.6945813976,45.4301092911087,426,426,PARENT AVE @ ST. PATRICK ST,7752,2.98%,1929,320,06-Aug-15
-75.7267927471918,45.396937739827,427,427,PARKDALE AVE @ HWY 417 PARKDAL IC122R15/HWY 41,20871,2.86%,202,101,12-Aug-15
-75.7316278821578,45.4048982133471,428,428,PARKDALE AVE @ SCOTT ST,27754,2.75%,1799,172,22-Sep-15
-75.6748518310061,45.3491511521911,429,429,PAUL ANKA DR @ UPLANDS DR,8405,4.84%,536,41,02-Jun-15
-75.4965627791527,45.469232733035,430,430,PAYETTE DR @ VINCE DR,550,2.68%,30,2,14-May-15
-75.6504599379603,45.4184783646944,431,431,PICKERING PL @ TREMBLAY RD,5212,5.30%,21,4,27-Jan-15
-75.7905759113518,45.3508491062116,432,432,PINECREST RD/HWY 417 PINECRE IC129R63 @ TRANSIT WAY,35994,4.79%,708,37,12-Aug-15
-75.7361960662426,45.3217984469773,433,433,PINELAND AVE @ VAAN DR,680,8.68%,18,15,12-May-15
-75.7361960662426,45.3217984469773,434,434,PINELAND AVE @ VAAN DR,398,12.08%,7,0,06-Jan-15
-75.5203262349947,45.4780057519634,435,435,PLACE D'ORLEANS DR @ OR174 IC102 RAMP51/TRANSITWAY,12346,7.57%,26,0,25-Feb-15
-75.4697494505236,45.474564039576,436,436,PORTOBELLO BLVD @ VALIN ST,11425,2.77%,195,10,23-Apr-15
-75.6612786589938,45.4225934008668,437,437,PRESLAND RD @ VANIER PKWY,41815,1.56%,113,203,30-Jul-15
-75.7068269275139,45.3961799660416,438,438,PRESTON ST @ PRINCE OF WALES DR/QUEEN ELIZABET,24486,2.57%,712,256,15-Apr-15
-75.7142118215599,45.408381156573,439,439,PRESTON ST @ SOMERSET ST,22662,5.43%,1727,576,09-Jun-15
-75.5044732518595,45.4797403154927,440,440,PRESTONE DR @ RIVER RIDGE CRES W/KENNEDY LANE,4311,4.18%,81,37,02-Sep-15
-75.7016707439234,45.3096660233266,441,441,PRINCE OF WALES DR @ FALLOWFIELD RD,23606,2.57%,4,84,28-Apr-15
-75.7055315269076,45.382888871893,442,442,PRINCE OF WALES DR @ HARTWELL LOCKS/548 N OF R,23603,2.54%,35,103,02-Dec-15
-75.7012290524872,45.295714768738,443,443,PRINCE OF WALES DR @ MERIVALE RD,20501,3.25%,4,13,28-Apr-15
-75.7003883949961,45.3582144691675,444,444,PRINCE OF WALES DR @ NORMANDY CRES S/KOCHAR DR,24750,2.65%,23,2,13-Jan-15
-75.7005546172552,45.3641581282198,445,445,PRINCE OF WALES DR @ NORMANDY CRES/MELFA CRES,21902,3.20%,123,426,26-May-15
-75.7050784530513,45.2706145549331,446,446,PRINCE OF WALES DR @ STRANDHERD DR,39728,3.19%,55,13,22-Oct-15
-75.7005736099953,45.3341800802175,447,447,PRINCE OF WALES DR @ WEST HUNT CLUB RD,69510,3.97%,41,97,27-Oct-15
-75.6891536571746,45.4460419165636,448,448,PRINCESS AVE @ ROCKCLIFFE PKWY,13830,0.87%,61,231,30-Jul-15
-75.6363667119964,45.4075562794487,449,449,PULLEN AVE @ SHELLEY AVE,1131,1.93%,41,20,03-Sep-15
-75.6769614308674,45.4421588652924,450,450,PUTMAN AVE @ SPRINGFIELD RD,5023,5.51%,487,136,02-Sep-15
-75.6621775138222,45.424486025517,451,451,QUEEN MARY ST @ VANIER PKWY,42466,1.76%,156,87,30-Jul-15
-75.4666052179928,45.4505866879763,452,452,RAVENSWOOD WAY/WATERFERN WAY @ STORMWIND AVE,1382,3.08%,106,9,25-Aug-15
-75.9387890203421,45.3141331100849,453,453,RICHARDSON SIDE RD @ TERRY FOX DR,18571,3.58%,4,0,03-Mar-15
-75.8374159506501,45.2810628018321,454,454,RICHMOND RD @ STONEHAVEN DR,21260,2.65%,2,0,04-Mar-15
-75.6425116930692,45.1621859826786,455,455,RIDEAU VALLEY DR E @ ROGER STEVENS DR E,8012,6.48%,0,8,25-Aug-15
-75.6896098560627,45.3675602165948,456,456,RIDGEWOOD AVE @ RIVERSIDE DR,31327,2.37%,310,71,28-Aug-15
-75.6942609273493,45.2484577414994,457,457,RIVER RD @ RIDEAU RD,9290,5.80%,1,7,05-Aug-15
-75.692006441049,45.3462771593806,458,458,RIVERGATE WAY @ RIVERSIDE DR,32171,2.88%,78,154,28-May-15
-75.692006441049,45.3462771593806,459,459,RIVERGATE WAY @ RIVERSIDE DR,31351,3.38%,71,33,21-Oct-15
-75.6621005591017,45.4104891974102,460,460,RIVERSIDE DR @ SAN REMO PRIV,32329,3.10%,137,24,28-Aug-15
-75.6679715628905,45.4007645906789,461,461,RIVERSIDE DR @ SMYTH RD NORTH SIDE RAMP,32328,2.80%,81,6,30-Jul-15
-75.6699181516166,45.3979102711128,462,462,RIVERSIDE DR @ SMYTH RD SOUTH SIDE RAMP,36091,2.56%,20,5,16-Jul-15
-75.6701975052673,45.3960672239141,463,463,RIVERSIDE DR @ TRANSITWAY - RIVERSIDE H,35357,2.56%,11,6,02-Dec-15
-75.3448288963914,45.3409713923691,464,464,ROCKDALE RD @ RUSSLAND RD/HIGHWAY LANE,8834,4.35%,2,0,28-Jan-15
-75.5226236127775,45.4753348649805,465,465,ROCQUE ST @ ST. PIERRE ST,245,3.34%,17,8,12-Nov-15
-75.5281279000238,45.4423210252648,466,466,ROLLING BROOK DR @ SILVERBIRCH ST,1696,3.38%,97,13,21-May-15
-75.5180754906107,45.4278955812623,467,467,ROLLING MEADOW CRES @ SADDLERIDGE DR,1792,6.13%,70,10,25-Jun-15
-75.9190001396727,45.2855953868964,468,468,ROSEHILL AVE @ ETESIAN ST,408,6.43%,42,7,29-Jul-15
-75.9174241336324,45.2866015530766,469,469,ROSEHILL AVE @ HUNTMAR DR,10963,1.91%,204,32,24-Jun-15
-75.7392464046092,45.4016736729474,470,470,ROSS AVE @ SCOTT ST,14957,3.87%,449,352,22-Sep-15
-75.3729333622513,45.5031376019532,471,471,ROYAL ORCHARD DR @ WILHAVEN DR,2109,4.14%,1,0,17-Dec-15
-75.3981921219863,45.3679190905313,472,472,RUSSELL RD @ SAND RD,5493,10.56%,0,0,28-Oct-15
-75.6103366658658,45.3941824306676,473,473,RUSSELL RD @ SOUTHVALE CRES S,13008,12.18%,303,19,09-Jul-15
-75.7846711634414,45.3620757411144,474,474,SACKVILLE ST @ CONNAUGHT AVE,703,3.73%,80,1,19-Feb-15
-75.6270867304411,45.3946266199927,475,475,SAUNDERSON DR @ PLEASANT PARK RD,7999,2.87%,117,91,02-Jun-15
-75.4663139635674,45.4626793031459,476,476,SCALA AVE @ PORTOBELLO BLVD,7510,3.32%,44,0,07-Jan-15
-75.7286832628813,45.3772073401188,477,477,SILVER ST @ SUMMERVILLE AVE,807,19.63%,166,9,25-Mar-15
-75.5675419852603,45.1954042595649,478,478,SNAKE ISLAND RD @ STAGECOACH RD,7328,9.91%,0,4,02-Jul-15
-75.7226984465716,45.4058366683136,479,479,SOMERSET ST @ WELLINGTON ST/GARLAND ST,6998,4.94%,1053,620,12-Aug-15
-75.4804521957739,45.4479255688842,480,480,SOUTHFIELD WAY @ TENTH LINE RD,11699,5.98%,29,24,08-Jul-15
-75.6858439695813,45.282365823681,481,481,SPRATT RD @ CANYON WALK DR/GOLDENEYE WAY,7696,3.73%,968,33,30-Apr-15
-75.525851718726,45.4705932094233,482,482,ST. JEAN ST @ ST. JOSEPH BLVD,21592,2.14%,198,1,14-Jan-15
-75.5490884050855,45.4613634376558,483,483,ST. JOSEPH BLVD @ FOREST VALLEY DR/YOUVILLE DR,27645,1.82%,5,2,14-Jan-15
-75.5401286249254,45.4641517980132,484,484,ST. JOSEPH BLVD @ JEANNE D'ARC BLVD,42720,1.66%,124,2,17-Dec-15
-75.5401286249254,45.4641517980132,485,485,ST. JOSEPH BLVD @ JEANNE D'ARC BLVD,37292,1.96%,129,23,23-Jun-15
-75.5401286249254,45.4641517980132,486,486,ST. JOSEPH BLVD @ JEANNE D'ARC BLVD,37292,1.96%,129,23,23-Jun-15
-75.5825708176589,45.4517399844888,487,487,ST. JOSEPH BLVD @ REGIONAL RD 174/TRANSITWAY,29527,4.84%,213,1,14-Jan-15
-75.5010536222475,45.4835606242282,488,488,ST. JOSEPH BLVD @ TENTH LINE RD,29176,2.86%,52,0,24-Feb-15
-75.6373646051371,45.4242473306773,489,489,ST. LAURENT BLVD @ COVENTRY RD/OGILVIE RD,59060,4.39%,1261,8,27-Jan-15
-75.6356345522985,45.4212197036658,490,490,ST. LAURENT BLVD @ TRANSITWAY,36442,6.12%,27,7,04-Feb-15
-75.6337568569208,45.417830986057,491,491,ST. LAURENT BLVD @ TREMBLAY RD,42233,6.38%,118,2,03-Mar-15
-75.5460176922241,45.4760636433013,492,492,ST. LUCIA PL @ VORLAGE DR,737,2.22%,38,6,30-Jun-15
-75.6867711552475,45.4346702643079,493,493,ST. PATRICK ST/ST. ANDREW ST @ BEAUSOLEIL DR,31335,2.21%,471,338,06-Aug-15
-75.9297276220297,45.2724184416526,494,494,STITTSVILLE MAIN ST @ HAZELDEAN RD,35378,3.43%,90,1,01-Dec-15
-75.8402228606287,45.2808056836839,495,495,STONEHAVEN DR @ SAWYER WAY/SUMMITVIEW DR,17934,2.07%,57,35,16-Sep-15
-75.8402228606287,45.2808056836839,496,496,STONEHAVEN DR @ SAWYER WAY/SUMMITVIEW DR,15611,2.32%,110,16,13-May-15
-75.8479357702981,45.2876718694506,497,497,STONEHAVEN DR @ STONEMEADOW DR,9712,3.24%,236,33,01-Oct-15
-75.7554218355388,45.2662735498888,498,498,STRANDHERD DR @ ANDORA AVE,18364,4.58%,55,0,09-Dec-15
-75.7674333262544,45.2595546198797,499,499,STRANDHERD DR @ CEDARVIEW RD/TARTAN DR,26249,7.15%,1,0,17-Dec-15
-75.7674333262544,45.2595546198797,500,500,STRANDHERD DR @ CEDARVIEW RD/TARTAN DR,23172,7.53%,0,0,18-Feb-15
-75.7186320111839,45.2758460219119,501,501,STRANDHERD DR @ WOODROFFE AVE,43848,2.59%,319,44,01-Oct-15
-75.5893094560338,45.2562907375961,502,502,SUNCREST DR @ TINTERN DR,494,4.79%,17,20,03-Sep-15
-75.6972791501355,45.4373814280778,503,503,SUSSEX DR @ 151 S OF KING EDWARD AVE,19788,1.75%,1024,5,10-Feb-15
-75.69265013917,45.4445564890133,504,504,SUSSEX DR/PRINCESS AVE @ RIDEAU GATE,15601,1.23%,65,277,23-Jun-15
-75.4917422828885,45.4675874963933,505,505,TENTH LINE RD @ CHARLEMAGNE BLVD S/DES EPINETT,34338,2.70%,156,2,24-Feb-15
-75.8941503118817,45.3254449358114,506,506,TERON RD @ PARKWAY (THE)/PENFIELD DR S,10478,3.44%,130,168,07-Jul-15
-75.8945487753408,45.2926384101549,507,507,TERRY FOX DR @ 135 S OF HAZELDEAN RD/SOBEY'S S,23497,2.22%,85,1,03-Mar-15
-75.9350763433344,45.3125087368054,508,508,TERRY FOX DR @ TILLSONBURG ST,16925,3.20%,26,53,27-May-15
-75.5041488904217,45.4756431379336,509,509,TOMPKINS AVE @ CARAVEL CRES E/MCEACHERN CRES E,2318,5.89%,119,3,24-Nov-15
-75.6519821711795,45.4183636942402,510,510,TREMBLAY RD @ TRAIN STATION,7347,4.80%,7,5,27-Jan-15
-75.9125994864086,45.2461174416775,511,511,UPCOUNTRY DR @ STITTSVILLE MAIN ST,7086,4.60%,10,29,04-Jun-15
-75.653887973821,45.329182537855,512,512,UPLANDS DR @ AIRPORT PKWY RAMP 35,13203,4.99%,34,2,02-Dec-15
-75.7293400141575,45.3438894136698,513,513,VIEWMOUNT DR @ MERIVALE RD,45307,3.68%,1065,11,09-Dec-15
-75.9232397176999,45.3236897917311,514,514,WALDEN DR @ KANATA AVE,7785,4.38%,151,45,13-May-15
-75.7489753873523,45.3287042474807,515,515,WEST HUNT CLUB RD @ WOODROFFE AVE,59702,4.41%,107,25,15-Oct-15
-75.7595425694999,45.3469867359274,516,516,WOODROFFE AVE @ ALGONQUIN COLLEGE/TRANSITWAY S,50125,3.04%,1554,10,01-Dec-15
-75.7158831228376,45.2709521532345,517,517,WOODROFFE AVE @ CRESTHAVEN DR/PAUL METIVIER,7009,6.26%,56,0,13-Jan-15
-75.7688046167821,45.3620653011817,518,518,WOODROFFE AVE @ HWY 417 WOODROFF IC127R26/HWY4,33896,2.56%,62,25,12-Aug-15
-75.7521085071343,45.3339440939564,519,519,WOODROFFE AVE @ KNOXDALE RD/MEDHURST DR,40826,4.03%,505,43,15-Oct-15
